,canal_ID,video_ID,video_Title
0,UCBLCvUUCiSqBCEc-TqZ9rGw,Wn0F5GO-Oho,¬øQu√© pasar√° con los precios de la vivienda en Espa√±a?
1,UCPQ2dheMajZPnIleYZHzblg,CDf4l2b_3pE,¬øCu√°ndo Dejar√° de Subir la VIVIENDA en Espa√±a? | An√°lisis de Mercado por Pablo Gil
2,UCfPrh2GfUkRFawG9whMacpA,e72LJsKIp_o,DESCONTROL de la VIVIENDA en ESPA√ëA: &quot;BAJAR√ÅN LOS TIPOS y SUBIR√Å el PRECIO&quot; | con Ricardo Gulias
3,UCRquF2J8wwXb3f46HmZFYMg,O5wYZ0fOdyw,‚ö°An√°lisis del mercado inmobiliario en Espa√±a üìä ¬øMomento de comprar un inmueble? Los n√∫meros hablan üè†
4,UCXH-hXleEHNqQ892AfKStSQ,_Df4kc0tF-Y,¬øBajar√°n los precios de la ùó©ùóúùó©ùóúùóòùó°ùóóùóî en Espa√±a? üè°
5,UCfPrh2GfUkRFawG9whMacpA,h3l46J3jzEk,El PRECIO de la VIVIENDA en ESPA√ëA en 2023 PUEDE SUBIR | ¬øqu√© pasar√° con el EUR√çBOR?
6,UChHYUwWsTsxmgZ7DS6-3dVg,AHF6VOd458s,Tu Casa en Peligroüè†: ¬øEst√°n a punto de DESPLOMARSE los PRECIOS de la VIVIENDA?
7,UCXH-hXleEHNqQ892AfKStSQ,vAiV1ddpCsc,Consecuencias REALES de la Nueva Ley de Vivienda 2023 Espa√±a üè† Caos en el Mercado Inmobiliario ü§Ø
8,UC8cTIp39LRHGMpa-9YLk5iw,TmfVY-u6aXo,Cuidado con invertir en vivienda en EspanÃÉa en 2023 seg√∫n Ismael Clemente. #shorts #podcast 78
9,UCKC77AR_zWXRTE2GOD_2Uag,poinxEUkLcg,¬øCAER√Å EL PRECIO DE LA VIVIENDA? - Vlog de Marc Vidal
10,UCyuH8LBMElHDwMaSa_kZadA,_ki6Bq9P5aQ,üá™üá∏ COMO COMPRAR CASA EN ESPA√ëA BARATO (LO QUE NO TE DICEN)ü§´
11,UCUS73_bjTYwBFAfXbvIjM8Q,XuKTTnNeBQc,La Pizarra: Una mirada diferente al mercado de la vivienda en Espa√±a
12,UCWPE4tNsVtn5lFrhN7xVpHA,L9Y0h6wRrBY,üí•Crisis Inmobiliaria 2023: ‚ÄúEl Problema Real de los J√≥venes Espa√±oles‚Äù
13,UCFY5HIO9Zw_0cfbqosITIxQ,iC55q9OvDoA,¬°SE VA A LIAR! VAN A PROVOCAR UNA BURBUJA INMOBILIARIA EN ESPA√ëA MUY PRONTO
14,UCkVjkBJiuOozgFbmqMYUwvA,i3RkXNy_pDE,"Ayudas para comprar ‚ÄúMi primera vivienda‚Äù, Espa√±a 2022"
15,UCr3HBKKgC_k0osVsVIoZ-Cg,BJBR391V4KY,PROXIMA CRISIS INMOBILIARIA: Cu√°ndo BAJARAN las viviendas?
16,UCDM4gHuLmONC_NtESLi_V1g,ZMEo0LDVtDA,üí• C√≥mo Aprovechar la Crisis Inmobiliaria en Espa√±a 2023
17,UCDM4gHuLmONC_NtESLi_V1g,qM8lmSknGOw,üí• CRISIS DE VIVIENDA: ‚ÄúSIN COMPRAR CASA HASTA LOS 40‚Äù | Una Nueva Alternativa Inmobiliaria
18,UCysHQr5Pnvlv4Nka5jBQDKQ,LMo6N6omoic,NO COMPRES CASA EN 2023
19,UCZ56EM6T80F5SkHnc_CRF5Q,xaUKIF3PVss,‚úÖ REACCIONES a la LEY de VIVIENDA en Espa√±a: con Ignasi Rosell√≥ üòâ
20,UCfZnmQp92JqFxB3CAlDsrPg,PvnOJU6KjAM,¬øQu√© va a pasar con el precio de la vivienda en 2023?
21,UCZ56EM6T80F5SkHnc_CRF5Q,DIjPsxtnJ1E,‚úÖ NUEVA LEY de VIVIENDA en ESPA√ëA 2023: üòâ REACCIONES con Helena Gallardo | Presidenta AEPSI
22,UCN4-LjtgAoKNfKRxvRfesuw,kRzQvODSy9Y,EL GRAN PROBLEMA DE LA VIVIENDA EN ESPA√ëA
23,UCZ56EM6T80F5SkHnc_CRF5Q,A26f6u8Tyj8,‚úÖ REACCIONES a la LEY de VIVIENDA en ESPA√ëA 2023: con VANESA RUBIO üòâ
24,UCfZnmQp92JqFxB3CAlDsrPg,DMkV9Hwydms,¬øCu√°l es el sitio m√°s barato de Espa√±a para comprarse una casa?
25,UCJEiqUh5jfoqEk4WIYWMq1A,6Zmujzk57Ak,ü§ë ¬øESTAMOS ANTE OTRA BURBUJA INMOBILIARIA en ESPA√ëA? ¬øPOR QU√â NO CAEN LOS PRECIOS? ü§ë
26,UCZ56EM6T80F5SkHnc_CRF5Q,IDqTWjgOtTY,‚úÖ REACCIONES a la LEY de VIVIENDA en ESPA√ëA 2023: con Enric Jim√©nez üòâ
27,UC081szq_fuQ-Ba4R-YEoBxA,W4QaQLguotc,COMPRAR UNA VIVIENDA üè° En Espa√±a Como Extranjero #inmigracion #extranjeria #inversor
28,UCbc24ed4yK4LsP6fUloa1Mw,hoa8cOx9ZWs,Por qu√© voy a comprar casa en la Espa√±a Vaciada
29,UCZ56EM6T80F5SkHnc_CRF5Q,yRF1-W9LXJU,üéØ Nueva LEY De VIVIENDA en Espa√±a | ‚úÖ Reflexiones
30,UC5wCQZwP735LUM5b3K-6DAw,V8vv8tyUoHE,Opiniones de CASAS PREFABRICADAS en ESPA√ëA ‚úÖ  | The Concrete Home en RTVE
31,UC7QZIf0dta-XPXsp9Hv4dTw,SeC3yKWazqI,VIVIENDA J√ìVENES: S√≥lo el 5% de los que intentan COMPRAR CASA lo logran | RTVE Noticias
32,UCcqU0WqcZGmV9pbum_7E00w,42EyLKN5vdg,¬øComenzar√° el DESPLOME de PRECIOS de VIVIENDA en Espa√±a en 2023?
33,UC7QZIf0dta-XPXsp9Hv4dTw,GW_3IOka-sY,"PRECIO VIVIENDA: La COMPRAVENTA SUBE casi un 15% en 2022, gracias a los PISOS de SEGUNDA MANO | RTVE"
34,UC2uS_l6KjAQBCVEscGVbeng,p2ddKm1Fw2c,üá™üá∏ Gu√≠a pr√°ctica para COMPRAR vivienda en ESPA√ëA siendo extranjero
35,UCXH-hXleEHNqQ892AfKStSQ,uTc81XfqoNk,üèõÔ∏è Debato las Consecuencias de la Nueva Ley de Vivienda en Espa√±a con Inversores Expertos üë®üèª‚Äçüíº
36,UC9vQME0aG9HkmaxkC9yxhKw,Z8W1apwdohg,As√≠ es una vivienda econ√≥mica en un barrio Humilde de Espa√±a 350 EUROS
37,UC9-rJKAhFw5pkqmcWlex2Zw,6IQKKwhA8_0,"‚ùåü§îüè°¬øPuedo COMPRAR una CASA en ESPA√ëA si NO soy RESIDENTE?‚úÖ  Alquilar en ‚Ç¨uros, invertir en Europa"
38,UCrIH54-1cEdOx7H1tsF942A,WBmOYz0ihcM,¬øEs buen momento para construir una casa en Espa√±a? 2022 - 2023
39,UCcriZO3352367OmH1QIwMhA,gNrwGwzdJeQ,üè†¬øEs BUEN momento para COMPRAR vivienda en ESPA√ëA? - Crisis Inmobiliaria 2023
40,UCcEX40UDEqB3a_6o9j0NozQ,0HTcst6Pu1g,#PRIXLINE ‚úÖ Comprar Casa üè°  en Espa√±a üá™üá∏ [Paso a Paso y con muy poco dinero] 350‚Ç¨/mes üëç üòÉ
41,UCbc24ed4yK4LsP6fUloa1Mw,KCYMQLR7_Ng,Las 6 Casas m√°s Baratas para Comprar en Espa√±a Listas para Entrar a Vivir
42,UCB7QvTkBonQA6C3ogDutH7Q,rhgyFImz7j4,ü§î¬øQu√© ventajas e inconvenientes tiene comprar una vivienda sobre plano?
43,UCDM4gHuLmONC_NtESLi_V1g,8kBZlU1egvs,Comprar Casa en 2023: ¬øCu√°ndo Bajar√°n los Precios de la Vivienda?
44,UCZ56EM6T80F5SkHnc_CRF5Q,Rk4nK9kNB1M,üòé CONSEJOS para COMPRAR una Casa en ESPA√ëA siendo EXTRANJERO ‚úÖ + GOLDEN VISA üòç
45,UCq5Usi51KkNlxDlkju9feCg,vXVh0w-CLaU,‚ùáÔ∏è NUEVA ALTERNATIVA A LA COMPRA DE VIVIENDA 2023
46,UC2EU840uIZwsl2U9DPb6VJw,2XNUEfAF7nk,Las Provincias M√°s Rentables de Espa√±a (2023)
47,UCSwXe2WReWhNdjKRTh92b9g,-cLGl6IPITo,COVID 19| ¬°ALERTA MUNDIAL! ¬øVACUNADOS MORIR√ÅN EN 2 A√ëOS?: EFECTO SECUND√ÅRIO M√ÅS GRAVE DE LAS VACUNAS
48,UCd7lXPchWi2GYKMGHhBYHtA,1DxNBZJEmJw,La gu√≠a definitiva para comprar una propiedad inmobiliaria en Espa√±a
49,UCZ56EM6T80F5SkHnc_CRF5Q,riCQji-A8nI,‚úÖ 10 RAZONES para Comprar Casa en Espa√±a  | #shorts
50,UC3-LyK2DL27tDhqRExRsGgg,UUlHv8jfBcU,La vivienda en Espa√±a. Muchas y mal distribuidas
51,UCB7QvTkBonQA6C3ogDutH7Q,uwJpuUlffRs,Que es mejor alquilar o comprar Casa en Espa√±a: la rentabilidad asegurada por profesionales
52,UCOiNhz5lCJiFIAZPsGZ5_9Q,5sJ3m0CLEII,üò† LA VERDAD SOBRE LA SUBIDA DE SALARIO M√çNIMO EN ESPA√ëA
53,UCCNgRIfWQKZyPkNvHEzPh7Q,iVI4tDCjerA,mi opini√≥n sobre el arquitecto de Julio C√©sar üßêüèõ
54,UCrX6emNPo0_2jy1vNje3rxg,,Gran Hermano Chile
55,UCdP_xj5xPxDntDGaueHu5vw,49gmTqVO5gQ,"COMO FUNCIONAN LA COMPRA DE üè† VIVIENDA EN ESPA√ëA üá™üá∏ (HIPOTECAS, TERRENOS, VIVIENDAS SOCIALES) ü§ëüò≥ü§ë"
56,UCUBIrDsIVzRpKsClMlSlTpQ,vMIslm7jvMw,Por qu√© Jerusal√©n es clave en el conflicto entre israel√≠es y palestinos | BBC Mundo
57,UCAiaBf4MaxSLQhoKhnUeAyg,YD8MA3pqPTA,üí• CRISIS INMOBILIARIA en Espa√±a 2023 l VIENE lo PEOR en 2023‚ùó
58,UCT4Jg8h03dD0iN3Pb5L0PMA,23_0yPHmrDM,&quot;Sodoma y Gomorra&quot; en √Åfrica
59,UCRwA1NUcUnwsly35ikGhp0A,W-Gt6pXyMIY,Rompen el silencio tras abandonar La Luz del Mundo | Noticias Telemundo
60,UCOTK2zNXcIgTbHZrsErTb8Q,Ynu7siVXRek,Comprar Vivienda 2022 y 2023. üè†. Es Momento Para Comprar Casa?ü§î Espa√±a Crisis Inmobiliaria üî•üèóÔ∏è
61,UCT4Jg8h03dD0iN3Pb5L0PMA,DMGm1qmZk7c,&quot;Bukele va m√°s r√°pido que Ch√°vez desmantelando la democracia&quot; | Contexto DW
62,UC2uS_l6KjAQBCVEscGVbeng,zupD3Z9niqE,üá™üá∏ Gu√≠a pr√°ctica para comprar CASA en un pueblo de ESPA√ëA
63,UCwd8Byi93KbnsYmCcKLExvQ,afSfVV53s6E,Los precios de la vivienda en jaque: el gr√°fico que mira con miedo el sector inmobiliario
64,UCRwA1NUcUnwsly35ikGhp0A,LZXKcycf9pI,Pol√©mica por periodista que pronuncia correctamente nombres en espa√±ol | Noticias Telemundo
65,UCvGvGOcz3x-G44Bv194wN7w,BU0a1B0eEdo,Situaci√≥n del mercado inmobiliario en Espa√±a en 2023. #inmuebles #inversion #inversioninmobiliaria
66,UCcLzwVXQXSFlWYzhnYTaWqw,PWq6GUyffHY,"Pasado, pero no olvidado HD. Pel√≠culas Completas en Espa√±ol"
67,UCDO4Xd4AWCWuAg7ZCaC109Q,86I8liU4U4c,üü£ Como Invertir en Inmuebles en Espa√±a siendo Extranjero [2023]
68,UCcEWv_J2SEU8XO2tEm4Phgw,vqZ2rF-jrFo,Lili Estefan cuenta lo que Piqu√© habr√≠a hecho por Clara Ch√≠a | El Gordo y La Flaca
69,UC7Mt3CBJCDn6ptaTM10iq7Q,Aodux6EykgA,Como COMPRAR Vivienda BARATA en Espa√±a? | Noticias Espa√±a #emigraraespa√±a
70,UCGQ-APFuyR_CpMBUl3gOYDg,ck-24EX36yg,üí• Comprar o Alquilar una Casa en Espa√±a | ¬øCu√°l es M√°s Rentable?
71,UCnsvJeZO4RigQ898WdDNoBw,EIl3jJlDrj8,Por qu√© es el peor momento para comprar una casa | PODCAST Hoy en EL PA√çS
72,UCsT0YIqwnpJCM-mx7-gSA4Q,g6zBmBUOMhY,Zombies en la escuela | Juli Garbulsky | TEDxRiodelaPlata
73,UCUBIrDsIVzRpKsClMlSlTpQ,W3yHdmZ_rF8,Por qu√© la Am√©rica espa√±ola se dividi√≥ en muchos pa√≠ses y Brasil qued√≥ en uno solo | BBC Mundo
74,UC1IYhBFQbBWIxirTRbcfIUw,,esRadio
75,UCsGR0az87jcn_Rc82RiS49A,oDpXZw316Gw,C√ìMO COMPRAR o ALQUILAR una VIVIENDA üè† en ESPA√ëA üá™üá∏ desde el EXTERIOR
76,UCI6QcXatdaEAaRTRjl3dc0w,QTy-Q2GJBv4,"V. Completa. La importancia de ser como quieres ser. Tom√°s Navarro, psic√≥logo y escritor"
77,UCT4Jg8h03dD0iN3Pb5L0PMA,a9EIx2CJE64,Los mejores remedios caseros con un m√©dico naturista | En forma
78,UCBWF6OT9sHQU0rnMmUPdmyA,fpkn6Eagl58,"La GLOBALIZACI√ìN - Resumen | La Globalizaci√≥n Econ√≥mica, Pol√≠tica y Cultural."
79,UCXt1b9jICGZTWWP02JQ9qyQ,Ap5oViZRS0c,üë≤üïµCoste del alquiler y de compra de vivienda en el municipio de Madrid con m√°s poblaci√≥n inmigranteüíó
80,UCnsvJeZO4RigQ898WdDNoBw,93LStrEcmcE,Lo que hay detr√°s de la tensa escena entre la REINA LETIZIA y do√±a Sof√≠a | Gente
81,UCv05qOuJ6Igbe-EyQibJgwQ,BCrCOFBOM1M,El franquismo
82,UC84t25xqhPEPpGY7NBZJ_eA,MGCCxSW-ceU,"Mayores y j√≥venes, ante el sexo: la experiencia real que enfrenta el amor - El Hormiguero"
83,UCmS75G-98QihSusY7NfCZtw,CocEMWdc7Ck,SHAKIRA || BZRP Music Sessions #53
84,UCUrYBZGlEOSD1_ds_HcNd6A,OGt88uijkpU,11 TRUCOS para EXPRIMIR WAZE a fondo | XTK Basics
85,UCB7QvTkBonQA6C3ogDutH7Q,8KbHOoa82JM,üá™üá∏LAS CINCO CLAVES PARA HACER TU VIVIENDA M√ÅS SOSTENIBLE
86,UCWNv6vx6WOTN91XGT5OHVXg,Zfx16skqIQM,MUNDIAL 2010 üèÜüá™üá∏ ESPA√ëA CAMPEONA DEL MUNDO üåü Memorias de SUD√ÅFRICA üáøüá¶
87,UCnsvJeZO4RigQ898WdDNoBw,ZX1thIOeZSw,El precio de la vivienda nueva crece al mayor ritmo desde los tiempos de la burbuja
88,UCI0_vwEOGoJHzaIaYFiOgfA,Qg-qBYpu504,RESPONDIENDO SUS COMENTARIOS
89,UCsT0YIqwnpJCM-mx7-gSA4Q,BBOnU52CuI4,"Como hacer 1 doctorado: lo que no te han contado, ni te contar√°n | Jos√© Luis Arroyo | TEDxManzanares"
90,UCUdOoVWuWmgo1wByzcsyKDQ,Y-IlMeCCtIg,FRANCE 24 Espa√±ol ‚Äì EN VIVO ‚Äì Informaci√≥n internacional y noticias del mundo 24 horas
91,UCT4Jg8h03dD0iN3Pb5L0PMA,dRewm-wvNRU,Qu√© dicen los expertos del plan de Milei para ‚Äúdinamitar‚Äù el Banco Central y dolarizar la econom√≠a
92,UCwd8Byi93KbnsYmCcKLExvQ,uK99K-zCcNQ,La crisis de la vivienda en Espa√±a. ¬øCu√°les son los factores? Diego Bestard
93,UCRwA1NUcUnwsly35ikGhp0A,Ln2vETWqxVU,Asesinan a un youtuber que dec√≠a p√∫blicamente conocer a un hijo de &#39;El Chapo&#39; | Noticias Telemundo
94,UCWZvD9i6M01UY5XIHpCDhrQ,2zI6GQIV_aA,üö® Catalu√±a vs. Espa√±a: ¬øEl Principio del Fin? üá™üá∏üî• | An√°lisis Completo 2023
95,UCwd8Byi93KbnsYmCcKLExvQ,8KFeYJh4cpk,"Culmia, referente inmobiliario en Espa√±a: sector de la vivienda en 2023"
96,UCUdOoVWuWmgo1wByzcsyKDQ,bx28c5Gu91s,El Salvador: las medidas del presidente Nayib Bukele en contra de las pandillas
97,UC96zm3GjN_RZmAobv7HRnog,BFzP1GRafl8,CORRO A LA SUEGRA DE LA CASA POR AGARRAR LO AJENO üò± | La Casa de los Cuernudos (cap√≠tulo 19)
98,UC84t25xqhPEPpGY7NBZJ_eA,HfgF9QonLe0,"Estulin: ‚ÄúPara que la √©lite sobreviva, la mayor√≠a de nosotros debe morir‚Äù - Al Rinc√≥n"
99,UCIvqcSPbzQBynjq230v9_yw,ybOz_8YacXo,10. Mesa redonda. El acceso a la vivienda en Espa√±a: ¬øha cambiado en una generaci√≥n?
100,UCWZvD9i6M01UY5XIHpCDhrQ,2zI6GQIV_aA,üö® Catalu√±a vs. Espa√±a: ¬øEl Principio del Fin? üá™üá∏üî• | An√°lisis Completo 2023
101,UCI6QcXatdaEAaRTRjl3dc0w,1rABjCR47Og,"Una nariz de payaso para entender el mundo. Wendy Ramos, actriz y clown"
102,UCDUxOvbwu1bnyD7AucP0ESw,Gx0tYNev0Zc,Actor que dio vida a Pablo Escobar no volver√° a ser capo | Al Rojo Vivo | Telemundo
103,UC6fe8O70oGr9YOQh8Bg19mA,RkaeSFnEH24,C√≥mo HE PERDIDO 26 KILOS (Te lo Cuento TODO) Lo que como en 1 d√≠a - Recetas para Perder Peso
104,UC96zm3GjN_RZmAobv7HRnog,BFzP1GRafl8,CORRO A LA SUEGRA DE LA CASA POR AGARRAR LO AJENO üò± | La Casa de los Cuernudos (cap√≠tulo 19)
105,UCwd8Byi93KbnsYmCcKLExvQ,QpMou5vXxYE,"¬øA qu√© se enfrenta el sector inmobiliario en 2023? Responde uno de los l√≠deres en Espa√±a, Culmia"
106,UCIvqcSPbzQBynjq230v9_yw,ybOz_8YacXo,10. Mesa redonda. El acceso a la vivienda en Espa√±a: ¬øha cambiado en una generaci√≥n?
107,UCHhfu5p0zydyM-_nw3IJvig,TFoEtGwa-V4,¬øCu√°l es la MEJOR TV 4K para comprar en 2023? La Gu√≠a definitiva!!!
108,UCUdOoVWuWmgo1wByzcsyKDQ,uyBUW2emzeM,Nayib Bukele cumple tres a√±os como presidente de El Salvador con 91% de aprobaci√≥n ciudadana
109,UCNHWpNqiM8yOQcHXtsluD7Q,ob-sisvI3lk,AS√ç de LAMENTABLE es la CIBERSEGURIDAD en ESPA√ëA
110,UCeymXIrIhMYFmCNIlwrl9Lw,yyC43b-rkm4,ESTE ES EL RENAULT ARKANA QUE DEBES COMPRARüëç y EL QUE NOüëé: Prueba/test de larga duraci√≥n
111,UChKaP95xc8j0J4h2MXjP1yQ,G6C90SNyiJA,C√≥mo Israel se Convirti√≥ en el Pa√≠s m√°s Avanzado en Agricultura
112,UCe1hlvtryjtpNL7b0C3c_iA,h2LvXbyoFks,¬°Las ofertas m√°s grandes del programa! üò±  | Shark Tank M√©xico
113,UCKC77AR_zWXRTE2GOD_2Uag,QtDihKm2S4I,¬øPOR QU√â NOS OCULTAN LO QUE VA A PASAR? - Vlog de Marc Vidal
114,UCUBIrDsIVzRpKsClMlSlTpQ,f8-LHfxijTU,El caso de los 5 misioneros que fueron asesinados por una tribu aislada en Ecuador
115,UCK-mxP4hLap1t3dp4bPbSBg,PFWIX_BwG3c,C√°diz CF vs Real Madrid (0-3) | Resumen y goles | Highlights LALIGA EA SPORTS
116,UCLETc7P2vYTVI1wk5kvKAtg,wKwolnmC3Qs,EL OBJETIVO | PELICULA EXCLUSIVA DE ACCION | PELICULA EN ESPANOL LATINO
117,UCAMKTtcWpjjeKJnmWytLfZQ,TAr-r-WWv-E,Tesla Model Y Performance | Prueba / Test / Review en espa√±ol | coches.net
118,UC2Pkgz5CtVi4B65eU7jzbVQ,lAb9nGfRf_A,üé• EL PLEBE DEL CAMARO - PELICULA COMPLETA NARCOS | Ola Studios TV üé¨
119,UCUBIrDsIVzRpKsClMlSlTpQ,bRI5--UmHxo,La compleja frontera entre Rep√∫blica Dominicana y Hait√≠
120,UCNeq3Obf4zOv5rhORI8Vz5g,GgLPe9W1eLk,Bob Esponja | Vagabundo | Nickelodeon en Espa√±ol
121,UCHnFD0Y7L-oCaKCEbJz-Seg,kpVFan1Mxo4,Alcanza tu Objetivo de 10.000 pasos EN CASA -  POWER WALKING
122,UCUBIrDsIVzRpKsClMlSlTpQ,G6K1HKyf220,C√≥mo Panam√° ha pasado de ser un ejemplo de prosperidad y estabilidad a vivir masivas protestas
123,UCI6QcXatdaEAaRTRjl3dc0w,vpodOZSrAFA,"&quot;La crueldad de esta historia pertenece a miles de personas&quot;. Ousman Umar, emprendedor social"
124,UCwB-j5hqJe7zHVFnN6ewNhA,FAwhT3UD9-g,DACIA SANDMAN la Furgoneta CAMPER m√°s barata del mercado. ¬øRealidad o ficci√≥n?
125,UCT4Jg8h03dD0iN3Pb5L0PMA,BvoB_lQ2Dr0,¬øQu√© buscan realmente las tropas rusas en Nicaragua? | Contexto DW
126,UCz9yS18zJGQObwUL_K-ICnw,jZGpkLElSu8,"KAROL G, Shakira - TQG (Official Video)"
127,UCwd8Byi93KbnsYmCcKLExvQ,W413Fk9AQs0,Situaci√≥n del sector residencial en Espa√±a | Negocios TV
128,UCUBIrDsIVzRpKsClMlSlTpQ,HvJX5pcxMzg,C√≥mo Puerto Rico se convirti√≥ en un territorio de Estados Unidos | BBC Mundo
129,UCT4Jg8h03dD0iN3Pb5L0PMA,1MM5e5rvSfs,"La mano dura de Bukele funciona, pero ¬øa qu√© precio? | Contexto DW"
130,UCsT0YIqwnpJCM-mx7-gSA4Q,gzlcaeSgt1E,Hablemos de sexualidad: ¬øQu√© es ser normal? | Raquel Rottmann Rottmann | TEDxTukuyWomen
131,UCX5__tfvvvW1GKDBr4Ftgjw,bE4edpNGRKA,Hernia discal: ¬øqu√© es? ¬øC√≥mo se opera? - Neurocirug√≠a Torres
132,UCfHdp2Qgu680nTwXywatBvg,lZSQkpH7Nco,PARA QUE HAGA LO QUE TU QUIERAS üî• #magia #brujeria #consejo #witch #bruja #recetas #hechizo #amor
133,UCcEWv_J2SEU8XO2tEm4Phgw,ZSXGUAZW9yc,"Graciosas y ocurrentes, mira las respuestas que se llevaron los aplausos | Peque√±os Gigantes"
134,UCT2UUebPuLke_BShrDh_YEA,tHFi_WxJWPM,La Tarotista | Netflix Espa√±a
135,UCjaOvzizLZMVIQOINypdq5A,rFWKhGHd8rc,‚û§ Chapas ACANALADAS o TRAPEZOIDALES ?? ‚òÖ Cu√°l es el Mejor TECHO de L√ÅMINA ‚òÖ„Äê MUY IMPORTANTE!!„Äë
136,UCNnAyfKpcz1BnleJzWV6DxQ,,Mario J. Pent√≥n
137,UCB7QvTkBonQA6C3ogDutH7Q,gug3aZfU7KE,üá™üá∏ Noticias del sector inmobiliario en Espa√±a. Inmobiliaria Costa Blanca | Alegria
138,UCGkVdu_EVrqqxQ7OnLFK8RQ,1U0FhAKC2so,Los Adverbios | Videos Educativos para Ni√±os de Happy Learning Espa√±ol
139,UCdtdjXU0tf6fcuZhUoKN3Nw,a_BYIlWcbVg,RUEGA POR NOSOTROS - Tr√°iler Oficial HD EN ESPA√ëOL | Sony Pictures Espa√±a
140,UCUBIrDsIVzRpKsClMlSlTpQ,C-3aYnhF6Io,Bitcoin: 4 claves para entender la m√°s grande de las criptomonedas y qu√© riesgos tiene | BBC Mundo
141,UCONftAfXLJCIdDt14iTcseg,3Ut-8ft21tA,CAZAMOS AL NOVIO CHEF de Piqu√©? Shakira lo sab√≠a todo hablan de m√°s infidelidades y Milan y Sasha?
142,UCUBIrDsIVzRpKsClMlSlTpQ,rUrZs1RRUv8,6 conflictos armados que est√°n ocurriendo en el mundo m√°s all√° de Rusia y Ucrania | BBC Mundo
143,UCD0ujXEEnlCw5eCaPj_1Z7w,D-fsfNJcnTc,"CHOLLO!! CASA EN VENTA EN ASTURIAS, CON TERRENO, PATIO. ZONA EL ANGLIRU. *99.900‚Ç¨*. #asturias"
144,UCUhfd3iG0x1Wy9-EoY6CSWQ,-1Y9OqSJKCc,La Educaci√≥n Prohibida - Pel√≠cula Completa HD Oficial
145,UC-yJ1V3fN75A4dlR6dgRgEg,Y2wgpnUXnBk,‚ùå No INVIERTAS en BOLSA sin ANTES SABER ESTO |üëâ REVELO las 5 ESTAFAS m√°s PELIGROSAS
146,UCM3_aic1cmu-Bu3qi6AcTag,FlDpEIsrxDA,An√°lisis Mercado Inmobiliario afueras Barcelona Semestre 1 2023 - Vicen√ß Soler #bienesraices
147,UCiXOKcEiretXsZNI6qHDRHQ,zkUjsn5G8PE,MASACRE EN EL BOSQUE Estreno 2023 Peliculas completas impactantes
148,UCGbofRROopWrumVob5w61OA,iOM89e5X9dI,Hurac√°n en casaüå™üò∞| Caso Cerrado | Telemundo
149,UCOxQk41rWFLWLPAPP_as6uA,hS-bUwaGe7A,"üî¥ √Ängels Barcel√≥ entrevista a Pedro S√°nchez, presidente del Gobierno"
150,UCGbofRROopWrumVob5w61OA,iOM89e5X9dI,Hurac√°n en casaüå™üò∞| Caso Cerrado | Telemundo
151,UC5kCL9mKLMwrG6QnH5cCB2A,hPGgBKzlKS8,Se han podido ejercer m√°s de 1200 acciones de vivienda
152,UC1buWeuewcKED-R4cGW84XA,dFzkCiz290c,¬øQU√â PIENSAN LOS ESTONIOS SOBRE LOS LATINOS? üá™üá™
153,UCHnFD0Y7L-oCaKCEbJz-Seg,pXHVRL-lbhQ,Pierde Peso Andando en Casa - POWER WALKING 40 minutos
154,UCsT0YIqwnpJCM-mx7-gSA4Q,CLCJaiyjKkc,C√≥mo conectar con tu prop√≥sito y levantarte cada ma√±ana con ilusi√≥n | Sebasti√°n Lora | TEDxArxiduc
155,UCdXcp6-l1R_BIBQsHgqngIQ,GgtxN6dtKiw,Renovar PAREDES de BA√ëO (SIN OBRA)üí™  Lavabo MODERNO sin obras ‚ù§ PASO A PASO Renovaci√≥n paredes üëè
156,UCUBIrDsIVzRpKsClMlSlTpQ,2zHpbpjUUY4,¬øC√≥mo se puede enfriar el planeta y frenar el calentamiento global? | BBC Mundo
157,UClF4mtU2mNmrlBRnmwLZw5g,YGFs_9HxLw0,JAIME PE√ëAFIEL vuelve a destrozar a LETIZIA.
158,UCI6QcXatdaEAaRTRjl3dc0w,f69n5VQLIQw,"Versi√≥n Completa. En todo ser humano hay grandeza, Mario Alonso Puig"
159,UCzeSaUZN_J5zIZsZp7S5wMA,lgL_D9Y3zRs,Primer Viaje a Europa üá™üá∫ ¬°17 tips!
160,UCI6QcXatdaEAaRTRjl3dc0w,fYSXb2n8Q5I,&quot;Un buen maestro sabe que en todo ser humano hay grandeza&quot;. Mario Alonso Puig
161,UCRwA1NUcUnwsly35ikGhp0A,bEZpWpVsUyo,As√≠ responde Miguel D√≠az-Canel a los manifestantes en Cuba | Noticias Telemundo
162,UCba3hpU7EFBSk817y9qZkiA,,LA NACION
163,UC9vQME0aG9HkmaxkC9yxhKw,bX2HGw8viD0,"Alquilar casa en Espa√±a , nuestra experiencia - House tour"
164,UClqo4ZAAZ01HQdCTlovCgkA,Nd4mD1m8JC0,Confusi√≥n por altercado entre militares de M√©xico y EU
165,UCTCYkAA6jlVVxxthAONTL2w,lCfPoRVR1bY,C√≥mo pintar R√ÅPIDO con AIRLESS üòé - Graco Magnum project painter Plus
166,UCrIH54-1cEdOx7H1tsF942A,yCR84TZ2XBM,üè†¬øEs DIF√çCIL construir una casa en Espa√±a? üßê Autopromotor.info
167,UC3sh7ii-FWFjaFgs9Jp9utw,Dv3PuS2Awrc,"CASA DE VIDA, TU CASA   03/12/23"
168,UCI6QcXatdaEAaRTRjl3dc0w,mDF0KQ1Gaqs,El acoso escolar contado por estudiantes
169,UCQ1GpKa15ulyoQuxz7H4rng,Cw-qHZemygI,Geopol√≠tica sobre los escombros de la Uni√≥n Sovi√©tica | DW Documental
170,UCRwA1NUcUnwsly35ikGhp0A,hE_tQkDlwvA,Narcos amenazan de muerte a conocida periodista mexicana | Noticias Telemundo
171,UCZ56EM6T80F5SkHnc_CRF5Q,b2vySRQgldY,üéØ COMPRAR CASA en ESPA√ëA siendo EXTRANJERO ‚úÖ Invertir a m√°s de 7.000 km de distancia
172,UChwySUPfK92XMeEqiccU1CQ,t-igz_R6_Ew,El d√≠a que CRISTIANO RONALDO se VENG√ì del ATL√âTICO de MADRID
173,UCn8-zZ07JDofg2jmOo_X9Qg,p6PD5OHiHnU,HA-ASH - Supongo Que Lo Sabes (Video Oficial)
174,UCuTSm59-_kap6J7Se-orUVA,dkQZRf6g1J4,Los depredadores de √Åfrica en acci√≥n | R√≠os de √Åfrica | Animal Planet
175,UC36xmz34q02JYaZYKrMwXng,knrc4q1S_q0,¬°Linux desde CERO: Mi gu√≠a personal para NOVATOS!
176,UCsT0YIqwnpJCM-mx7-gSA4Q,HLIJkmy3vy8,Mi hija quiere entender el sistema financiero | Hernan Casciari | TEDxMontevideo
177,UCUrYBZGlEOSD1_ds_HcNd6A,sUmttf5ke0U,IPTV: c√≥mo funciona y qu√© son las listas de canales m3u
178,UC5ZiUaIJ2b5dYBYGf5iEUrA,GheJ7Uh9UQM,10 series espa√±olas muy guay que no son La Casa de Papel ni √âlite
179,UC5ZiUaIJ2b5dYBYGf5iEUrA,ufs8NhLBuCk,Caf√© con aroma de mujer | Tr√°iler oficial | Netflix
180,UCDoVqEfsRy76Rs59oa1zltw,IbjFktIgL18,Abdominales Perfectos En Casa - 10 minutos
181,UCUBIrDsIVzRpKsClMlSlTpQ,Nkdrq_AVABk,Por qu√© est√° cayendo el d√≥lar y c√≥mo puede afectar a Am√©rica Latina | BBC Mundo
182,UCFOSg71CRAJ58IPuV_-jMbw,aDjyekRvE4M,La TABLET de SAMSUNG ES SOBRENATURAL!!!!!!!
183,UCUwQuok8IflfddZsBX8GMKw,sz2a95L1i7o,La casa de Verges - extra√±as manifestaciones le ocurrieron a toda una familia| Fragmentos de la Noch
184,UCB7QvTkBonQA6C3ogDutH7Q,Oq_HINK9CWM,üá™üá∏üèñüí¨  ¬øen qu√© situaci√≥n est√° el mercado y qu√© nacionalidades compran m√°s viviendas en Espa√±a?
185,UC76hs2bdrebFYvdR-I8bwyw,gMpHpbTtDYI,Como Revisar un Coche Usado -  Guia para Comprar un Coche de Segunda mano
186,UCDoVqEfsRy76Rs59oa1zltw,wA12mbgDiwY,Rutina de estiramiento para antes o despues del Ejercicio
187,UCHhfu5p0zydyM-_nw3IJvig,hY8GhhakbQ4,SAMSUNG Galaxy TAB A8 ¬°Lo MEJOR y Lo PEOR!
188,UCeI3VMfMWQQspYVuDzPrung,gBKXskXKZYU,TODOS LOS DETALLES del caso m√°s viral de Espa√±a. Caso √Ålvaro Prieto
189,UC7k--FhnJzhPTrbtldMSoQQ,Moh2PJBdOCk,¬øQu√© es la religi√≥n mormona?
190,UCFY5HIO9Zw_0cfbqosITIxQ,mmxV9_qlpU0,¬øBOOM INMOBILIARIO EN ESPA√ëA 2022-2023? NO LO DESCARTES
191,UCE3m5uW9fUnf_tuKsVAmVPw,-UFFFUTMlCw,¬øPor qu√© el Reciclaje es tan Importante? | Videos Educativos Aula365
192,UCoRShGucSyqCLZnY3hgBenw,FakuUk2vGds,¬øCu√°l es la mejor forma de hacer CAF√â EN CASA?
193,UCLBMjQDJ5r8kbTrN1kev4dw,jlswh0mZesM,Salma Hayek y su hija Valentina Paloma cuentan qu√© llevan en su bolso |Vogue M√©xico y Latinoam√©rica
194,UCI6QcXatdaEAaRTRjl3dc0w,Wxjh_lTP6IQ,Versi√≥n Completa: ¬øQu√© es bullying? Tiina M√§kel√§ explica c√≥mo reconocer y prevenir el acoso escolar
195,UCRRtRg9N0R0WHZcyPZGiLKg,86awpOnnOhE,ACZINO y GAZIR: Cara a Cara en el pesaje| Red Bull Batalla
196,UCZowf26DsJ0mL1Arj60A51w,E0CJuTu6njQ,Gonzalo Fern√°ndez canta &#39;Qui√©n piensa en ti&#39; | Audiciones a ciegas | La Voz Senior Antena 3 2019
197,UCv05qOuJ6Igbe-EyQibJgwQ,I5_gFW2K57s,Crisis econ√≥micas a lo largo de la historia
198,UCGQ-APFuyR_CpMBUl3gOYDg,wgIpZFkRGDU,"üè° Mercado Inmobiliario en Espa√±a en 2023 | Oportunidades, Rentabilidad, Financiaci√≥n y Regulaci√≥n"
199,UCI6QcXatdaEAaRTRjl3dc0w,LSVCFKWxvcA,"Comer de todo no es bueno para la salud. Julio Basulto, dietista-nutricionista"
200,UCRwA1NUcUnwsly35ikGhp0A,jaRoyLOOMCk,El terrible asesinato de una mujer estremece a toda Nueva York | Noticias Telemundo
201,UCddaWR8S51_dJoHkU8z9vmQ,eZyvjSb5ii8,CLAVES PARA COMPRAR PRIMERA VIVIENDA CON √âXITO
202,UC7Mt3CBJCDn6ptaTM10iq7Q,hljMeKGfOj0,COMO COMPRAR Casa en Espa√±a Siendo EXTRANJERO? #emigraraespa√±a
203,UCucNB6GOncGkTMB55ZrjYvg,f0qFy23vvg4,No pensaba que iba a ser tan delicioso! 5 DESAYUNOS que te levantar√°n de la cama sin despertador
204,UC-p6X1BkuwJvq9U1nBAbgwg,LL1FI5BbIgg,Clase completa ciclo indoor quemagrasas en 25 minutos
205,UCEOAENXm3Nm_-PytGiz1UUw,NTMmpZhLx28,Las consecuencias de no cambiar el KIT DE EMBRAGUE del auto.
206,UCUBIrDsIVzRpKsClMlSlTpQ,1W89ZuP2ktY,Entrevista completa a Nicol√°s Maduro en la BBC
207,UCaYGWwdIj4xuDIW5vOzr8Nw,U4KkTh9nZnE,LEO (2023) : EL √âXITO DE ADAM SANDLER NETFLIX - RESUMEN EN MINUTOS | Ahora te cuento
208,UCa2yQjbhV7-zMdygwZRFxYQ,VreLu6Iyerw,HISTORIA DE ANDALUC√çA EN 10 MINUTOS
209,UC32TdiIsh_5X8tKr_9rKQyA,S-S2ew8iuXE,‚ÄúLa frontera parti√≥ nuestro territorio‚Äù: los ind√≠genas que pueden votar en M√©xico y en Estados Unido
210,UC2KeLWwWdZP3FEMmaW1Jp0A,vuTyUSB7gLM,Poblamiento Americano | Teor√≠as Inmigracionistas | Origen del Hombre Americano
211,UC7lIfDoyZz_fTELszNEekcg,r-4vaorG6Wk,Abandoned Trailer 1 - Doblado Espa√±ol (Eng Sub.)
212,UCRL5LNzLe0AsDB9V9kE5sAg,BeC6D67E9q0,"Rutina de ejercicios para la lumbalgia de 30 minutos, HAZ LOS EJERCICIOS CONMIGO"
213,UCB7QvTkBonQA6C3ogDutH7Q,8NS-SQCjyZU,Espectacular Villa en Ciudad Quesada. Villas en Costa Blanca Espa√±a | Inmobiliaria Alegria
214,UCnmlG_YzRYzWzJbW2oDn_ow,ytxCEpYUtQg,Alerta Aeropuerto: Intent√≥ pasar 15 kilos
215,UCMwXzr4_lGijScJsMp-IHxw,O4f58BU_Hbs,Residente - Ren√© (Official Video)
216,UCqlsTzBv49Uiu8Z3IseVgQQ,fT7RWPczcIE,Ana Torroja cuenta c√≥mo fue el final de Mecano | Lo siguiente
217,UCDM4gHuLmONC_NtESLi_V1g,xxQAdECFIqQ,C√≥mo Comprar Mi Primer Inmueble para Alquilar en Espa√±a 2023 | Gu√≠a Paso a Paso
218,UCDoVqEfsRy76Rs59oa1zltw,Dr8ygdgdM2w,Gl√∫teos Firmes - Abdomen Plano - Piernas Tonificadas - 45 Minutos
219,UC9HH6MEs1k3iuzx61GiUqcg,a9kpM428afA,Camila - Te Confieso
220,UCF4jdnof7ZnydEgUfmoxvSg,kDvdSnqqeSg,C√≥mo cambia la enfermedad de Alzheimer al cerebro
221,UCUBIrDsIVzRpKsClMlSlTpQ,BKNQNzyRydw,¬øC√≥mo ser√≠a M√©xico si Estados Unidos no se hubiera apropiado de m√°s de la mitad de su territorio?
222,UCubghtcjQ-KrVxcUN-Q5-4g,JgWAWJ5ghKs,15 series TURCAS en [ESPA√ëOL COMPLETAS]
223,UClALtN-q_MVoh7hnc9Xz42w,uGJd2mzvBHU,GSE 2x14: campos del mundo y de Espa√±a
224,UC8El-KamqNxKQg-r15BmIxw,i0NIEGQrOYI,&quot;Tengo una obsesi√≥n por las cosas gratuitas&quot; | Taca√±os Extremos | TLC Latinoam√©rica
225,UC55_TcezKzjtydXgIzRCdcw,c1QSQ98215s,Descubre la VERDAD sobre los Espectaculares Pendientes de La REINA LETIZIA
226,UC36xmz34q02JYaZYKrMwXng,RYweOchUIXs,¬°Los mejores Teclados Gamer 2022 (y cuales NO Comprar)!
227,UCSPD27Cs5gDePZ07G4m70Cg,ifRtVEBUWGo,¬øESPA√ëA SER√Å UNA REP√öBLICA? Esta encuesta dice que S√ç
228,UCQ1GpKa15ulyoQuxz7H4rng,6_OFXBK37gs,Rumbo al coraz√≥n de la Patagonia | DW Documental
229,UCFkoPRmuxqr37jvGmmpzhzQ,A4t47LowHyc,Maluma - COCO LOCO (Official Video)
230,UCVr4HNzc-0y2GYEh9UfQYJw,r1S--R_FcjM,Roc√≠o Dom√≠nguez canta &#39;Entre sobras y sobras&#39; | Audiciones a ciegas | La Voz Kids Antena 3 2022
231,UCY2hu_NT5NDbBU-HGxgqMuA,GVBdQuLrGmE,"Desokupa, el pol√©mico comando que &#39;libera&#39; viviendas usando la ley"
232,UCcLzwVXQXSFlWYzhnYTaWqw,FcIpm5zOp8Q,Sustituci√≥n. Parte 1 | Pel√≠culas Completas en Espa√±ol Latino
233,UCb0r9uSiCrakVhisVEquaYQ,r-206UlDWkA,casa en venta Manzanares Chico
234,UCv05qOuJ6Igbe-EyQibJgwQ,G2tUkEvo_lM,La Prehistoria en 6 minutos
235,UCI6QcXatdaEAaRTRjl3dc0w,v4KplEgXI9c,"¬øC√≥mo funciona el cerebro de un adolescente? David Bueno, bi√≥logo y genetista"
236,UCSPG-5cYvPjUFs3YwqDmqzw,fWdEtiPjWkQ,"MOTO G22, no lo compres antes de ver este video...  (Review en espa√±ol)"
237,UCcEX40UDEqB3a_6o9j0NozQ,TfCL48S-OD0,PRIXLINE ‚úÖ Vamos a REPOBLAR üòÉ Espa√±a
238,UCajrNVKvG2xVlVcSr3GcsDA,Fw9sIZV4sjM,Los Miserables | Cap√≠tulo 1 | Telemundo
239,UC7jT5YnTBAOf2JTRrCR0K6g,eKnHVoiR4_Q,Presentamos el control parental de Nintendo Switch
240,UCUBIrDsIVzRpKsClMlSlTpQ,DSeuPF0Fn_g,Hait√≠ y Rep√∫blica Dominicana: c√≥mo se dividi√≥ en dos pa√≠ses la isla m√°s poblada de Am√©rica
241,UCI6QcXatdaEAaRTRjl3dc0w,zl6iSEC0zeE,"Versi√≥n Completa. Cuaderno de viaje de un maestro. Jos√© Antonio Fern√°ndez Bravo, maestro"
242,UCy2bCk5KnIfjmWYFHMZcd5w,5g2hT4GmAGU,ROSAL√çA - DESPECH√Å (Official Video)
243,UCNzGMHlkquON1Jmr8jqKEog,x63geNGsY_k,As√≠ le cambi√≥ la vida la fibromialgia a esta enfermera
244,UC1VPZO-_XS8MIw7MZpqSMkw,IjSqhV3yVP8,Las canciones m√°s DIF√çCILES de La Voz Kids
245,UC5asYuXsq1NSsbuufh0u0rQ,Et3CCe6Wh9I,üí• ¬°El colapso Inmobiliario de 2008 se repetir√°!üí• Prep√°rate para la Crisis Hipotecaria de 2022
246,UCI6QcXatdaEAaRTRjl3dc0w,ROax8vdhuEQ,"V. Completa. Todo lo que siempre quisiste preguntar a un psic√≥logo. Roberto Colom, psic√≥logo"
247,UCZFpoc_j9VdLuFv-2nrSI9Q,mC_Wdu6d-rM,5 Ejercicios de EQUILIBRIO para Adultos Mayores (prevenci√≥n de ca√≠das) | Fisioterapia en Quer√©taro
248,UCshVTOdmZLdLj8LTV1j_0uw,zdLQodlJmsg,Las principales cinco religiones del mundo - John Bellaimey
249,UCUBIrDsIVzRpKsClMlSlTpQ,LOgy5j2Z8vw,C√≥mo se desarrollaron los ataques del 11-S y qu√© consecuencias tuvieron | BBC Mundo
250,UCUBIrDsIVzRpKsClMlSlTpQ,8urGTdEioOQ,La f√≠sica cu√°ntica explicada en menos de 5 minutos | BBC Mundo
251,UCQ50aIYbavhpfVc9PKU9qrg,GHzbzNJkrpY,BANDA MS - LA CASITA (VIDEO OFICIAL)
252,UCv05qOuJ6Igbe-EyQibJgwQ,QPnwSnNMZMY,Napole√≥n Bonaparte y las guerras napole√≥nicas
253,UCZgF_tqE6LYKveTAn09_9jA,Kl3AMgo2rWU,üî• 6 lecciones financieras vitales aprendidas de la crisis del virus ¬øPreparado para un rebrote?
254,UCucNB6GOncGkTMB55ZrjYvg,DOJaGdGoTVo,CoÃÅmo hacer PIZZA CASERA RAÃÅPIDA con masa de pizza sin reposo
255,UCoGDh1Xa3kUCpok24JN5DKA,cPYTM9O_WEE,¬øCu√°l es la Generaci√≥n de Cristal? | enchufetv
256,UCOf21PDw3-11HFtXhOTSi9Q,wR08PB9Hz0s,Cu√°l es la MEJOR FORMA de escoger los n√∫meros de la LOTER√çA
257,UC32TdiIsh_5X8tKr_9rKQyA,jTdx50GEbts,"‚ÄúEl momento en que te tienen quebrado llorando, es el momento en que te meten la mano en el bolsillo"
258,UCwd8Byi93KbnsYmCcKLExvQ,hVDAEa0dodg,√öLTIMA HORA | La compraventa de viviendas en Espa√±a sube y alcanza su mayor cifra en 15 a√±os
259,UCJQQVLyM6wtPleV4wFBK06g,ZKGkLZ-IgjI,¬øTiene ARGENTINA la POL√çTICA m√°s CARA del mundo? El para√≠so de los pol√≠ticos - VisualPolitik
260,UCI6QcXatdaEAaRTRjl3dc0w,TjqrualxgkI,"Versi√≥n Completa. La neurociencia de las emociones. Marian Rojas-Estap√©, psiquiatra y escritora"
261,UCI6QcXatdaEAaRTRjl3dc0w,HOY0CSVAA4w,"Versi√≥n Completa. ¬øPara qu√© sirve la √©tica? Adela Cortina, fil√≥sofa"
262,UCI6QcXatdaEAaRTRjl3dc0w,nJMwKB5JAuU,"V. Completa. Neurociencia aplicada al d√≠a a d√≠a. David del Rosario, investigador en neurociencia"
263,UCBs8DzPNGr9JHeQQYjzm1RA,1VDaOPzQ1sk,C√≥mo Aprobar Sin Estudiar un Examen con 5 TRUCOS y Tips para Pasar Sacar Preparatoria o Selectividad
264,UC08mnbiC4FykqpHqbEWgFcg,JPMPSUbO4TI,BARCELONA CAY√ì al CUARTO LUGAR y el REAL MADRID amaneci√≥ L√çDER en Espa√±a | La Liga Al D√≠a
265,UCpyYUq9kcBMLPlfE8EzguvA,8HLvzX-pptg,Los mutantes de Chern√≥bil y sus lecciones | NATIONAL GEOGRAPHIC ESPA√ëA
266,UCT4Jg8h03dD0iN3Pb5L0PMA,fMYkxSczC4w,Tras un a√±o de guerra Ucrania ha resistido la agresi√≥n pero el precio es muy elevado | A fondo DW
267,UC1IYhBFQbBWIxirTRbcfIUw,K0RB78dZlYk,Tertulia de Federico: El nefasto viaje de S√°nchez a Israel y las consecuencias para Espa√±a
268,UCv05qOuJ6Igbe-EyQibJgwQ,V1zdeV-q5u8,La Reforma protestante y Lutero
269,UCucNB6GOncGkTMB55ZrjYvg,W6GDCwB7224,SaÃÅndwich croque monsieur - Receta faÃÅcil y rica
270,UCI4hPnUgXDCx1ebNDaM8_5Q,O0fV4xNbHOg,"KAROL G, Simone &amp; Simaria - La Vida Continu√≥"
271,UCcqU0WqcZGmV9pbum_7E00w,Hsfv2U4tkxw,üè¨¬°CRISIS INMOBILIARIA e HIPOTECARIA 2022!üëâ¬øBURBUJA en ESPA√ëA y ESTADOS UNIDOS. Solicitar HIPOTECA.
272,UCrb9CTwDlCOCl0P5N33Jd5g,dRKltlfjmWA,Top 5 de las mejores playas de Santa Marta para invertir en  vivienda nueva | La Haus
273,UCQ1GpKa15ulyoQuxz7H4rng,rjtISUt11Gc,Estafas millonarias en Internet | DW Documental
274,UCa2yQjbhV7-zMdygwZRFxYQ,7MkzADeTqlY,HISTORIA DE GALICIA EN 10 MINUTOS
275,UCjIA3wwhi0QjSOXAZwOXbPA,pO6kOqA2jV4,Ozuna &amp; Generaci√≥n Escogida Ft. Christian Nieves - Lleg√≥ la Navidad (Video Oficial)
276,UCKXwvMZpGqsn1VbqZk1iHGw,ZEN2brdWuoA,Impresora HP DeskJet Ink Advantage 2775 - Review en Espa√±ol
277,UCsCQIvK0LGpb3dBRo2RXAfA,pwh60pqDDz0,"COCODRILOS, HUEVOS Y ASMR HORRIBLE! | Preguntas EXTRA√ëAS de TWITTER / X!"
278,UCsT0YIqwnpJCM-mx7-gSA4Q,R7wUI2hAgvU,El poder de la disciplina | Gabriel Batistuta | TEDxEstaci√≥nEwald
279,UC9dqhHYDNC9ePyxBzUtVJsQ,ZxTznGi5P5M,üíà5 MEJORES MAQUINAS [CORTA PELOS] PROFESIONALES üíà 2022üí•
280,UCI6QcXatdaEAaRTRjl3dc0w,4ebt-yHf3mY,"Versi√≥n Completa. Conocer el cerebro para vivir mejor. Facundo Manes, neurocient√≠fico"
281,UCn8-zZ07JDofg2jmOo_X9Qg,p6PD5OHiHnU,HA-ASH - Supongo Que Lo Sabes (Video Oficial)
282,UCyXVhjDp_LwGJMIWFNAHnbA,lG5ED9tiZrY,üí•¬°LOS SUSCRIPTORES EXPLOTAN y me INSULTAN! REACCIONO a sus OPINIONES de BAR√áA y XAVI - CAP√çTULO 2
283,UCAMKTtcWpjjeKJnmWytLfZQ,BSsQk4s33ag,As√≠ es el Honda CIVIC TYPE R 2023 | Primer vistazo / Novedad / Review | coches.net
284,UCcLzwVXQXSFlWYzhnYTaWqw,JOmA76HSkcw,Inspiraci√≥n de vacaciones de verano HD. Pel√≠culas Completas en Espa√±ol
285,UCNitqf9CrJFzE9o-DTuYewQ,lh-kupRWOU4,"Casa | Barrio nuevo, Palmira | c√≥d. 502"
286,UCf-Szc6YLd8rMnMXGThznFg,oSIRVpJCLL8,"Greeicy, Cultura Prof√©tica - Te Cre√≠ (Video Oficial)"
287,UCZFpoc_j9VdLuFv-2nrSI9Q,yCXh2BLc-rE,Rutina de CARDIO en CASA para Adultos Mayores | 1 hora completa
288,UCI6QcXatdaEAaRTRjl3dc0w,n8Y7cB-VZ3E,"La grandeza de una madre que crey√≥ en su hijo. Pilar Jeric√≥, escritora y divulgadora"
289,UCI6QcXatdaEAaRTRjl3dc0w,Z3_f6a-YrY8,"Versi√≥n Completa: Victor K√ºppers, El valor de tu actitud"
290,UCUBIrDsIVzRpKsClMlSlTpQ,p6ijJCOeYxA,Las ni√±as rumanas traficadas como esclavas sexuales | Investigaci√≥n BBC
291,UCcLzwVXQXSFlWYzhnYTaWqw,qL3SZYAIKvs,El precio de la felicidad. Parte 1 | Pel√≠culas Completas en Espa√±ol Latino
292,UCm8qFuubCgKlxdgMt_2WZBQ,V-wEMBaq2rw,Golpe de Efecto - Tr√°iler Oficial HD
293,UCb95GzFiBNC8LgSh7Lituuw,uQcJwobejjw,Samsung - #SolucionesSimples - Tips para cuidar el refrigerador
294,UCHnFD0Y7L-oCaKCEbJz-Seg,SEL-py6M9pw,Evita Perder M√∫sculo  con la Edad üí™üèª‚ù§Ô∏è - 30 minutos
295,UCxRULEz6kS0PMxCzOY25GhQ,zayX1YXiP6Y,Natalia Lafourcade - Hasta la Ra√≠z (Austin City Limits)
296,UCRwA1NUcUnwsly35ikGhp0A,Etda2ncAmmE,As√≠ responde presidente de El Salvador a quienes lo llaman dictador | Noticias Telemundo
297,UC4mKdEYyM-zZZmkjRsaYENw,jP9PWisKAW0,La noticia
298,UC-FVhfqCwhzpJ4DTJOMMofA,1GtEq2JoRUc,Brozo y Loret - Episodio 75
299,UC8BTzkLf8UXUkaDP5x0Qwmw,55SVXcro4YU,"Este es el Sandwich mas delicioso que comer√°s, rapido, f√°cil y riquis√≠mo"
300,UCUBIrDsIVzRpKsClMlSlTpQ,p6ijJCOeYxA,Las ni√±as rumanas traficadas como esclavas sexuales | Investigaci√≥n BBC
301,UCcLzwVXQXSFlWYzhnYTaWqw,qL3SZYAIKvs,El precio de la felicidad. Parte 1 | Pel√≠culas Completas en Espa√±ol Latino
302,UCm8qFuubCgKlxdgMt_2WZBQ,V-wEMBaq2rw,Golpe de Efecto - Tr√°iler Oficial HD
303,UCb95GzFiBNC8LgSh7Lituuw,uQcJwobejjw,Samsung - #SolucionesSimples - Tips para cuidar el refrigerador
304,UCHnFD0Y7L-oCaKCEbJz-Seg,SEL-py6M9pw,Evita Perder M√∫sculo  con la Edad üí™üèª‚ù§Ô∏è - 30 minutos
305,UCxRULEz6kS0PMxCzOY25GhQ,zayX1YXiP6Y,Natalia Lafourcade - Hasta la Ra√≠z (Austin City Limits)
306,UCRwA1NUcUnwsly35ikGhp0A,Etda2ncAmmE,As√≠ responde presidente de El Salvador a quienes lo llaman dictador | Noticias Telemundo
307,UC4mKdEYyM-zZZmkjRsaYENw,jP9PWisKAW0,La noticia
308,UC8BTzkLf8UXUkaDP5x0Qwmw,55SVXcro4YU,"Este es el Sandwich mas delicioso que comer√°s, rapido, f√°cil y riquis√≠mo"
309,UCW508ZZAAJg_O99kFHio_ew,mKp42cyd3_Y,DELICIOSO Pollo en Salsa de Champi√±ones | KWA
310,UCQ1GpKa15ulyoQuxz7H4rng,9QNZqozcdNg,¬øC√≥mo nos influye la m√∫sica? | DW Documental
311,UCuwtIT8yKNqp7lrnqpnWReg,bmkBN1lwrE0,Jos√© Luis Cava | ¬øBitcoin es un activo institucional o no lo es?
312,UCsDG_lFhRcvC14XRYVLeIfA,sUD2ert9qsE,Pasi√≥n Prohibida | Cap√≠tulo 1 | Telemundo Novelas
313,UCoJAl712oPdoEwBjbbJPGqQ,H8Zcctcnm90,POLLO AL CURRY RECETA MUY F√ÅCIL Y R√ÅPIDA
314,UCECJDeK0MNapZbpaOzxrUPA,nOQn4duGgQ0,El √°rbol de la NOCHE TRISTE: la historia mexicana que est√° desapareciendo üá≤üáΩüå≥
315,UCv05qOuJ6Igbe-EyQibJgwQ,yj9N9DTtdas,La Guerra Civil espa√±ola
316,UCv05qOuJ6Igbe-EyQibJgwQ,LRF6l0ci-D4,Las dos Guerras Mundiales
317,UCqXM5aPjJuDs0X5Xba69QOg,8NbgSDjv39A,Viruta y Capulina: El Camino de los Espantos - Pel√≠cula Completa
318,UCajrNVKvG2xVlVcSr3GcsDA,lzxMt3nUkFE,Pasi√≥n Prohibida | Cap√≠tulo 1 | Telemundo
319,UCZFpoc_j9VdLuFv-2nrSI9Q,HNqOmJ7Q0s0,RUTINA de Estiramientos para Adultos Mayores | Fisioterapia en Quer√©taro
320,UCZFpoc_j9VdLuFv-2nrSI9Q,XIU3xE3T5H4,Rutina de 20 minutos de Ejercicio AER√ìBICO para Adultos Mayores ACTIVOS
321,UCcLzwVXQXSFlWYzhnYTaWqw,loesp_v3DV0,Marat√≥n de pel√≠culas rom√°nticas completas en espa√±ol latino
322,UC9M__egTv6za_1jLf5JP2Kw,qARcTcs_zoo,Leo Dan - Yo S√© Que No Es Feliz (En Vivo) ft. Matisse
323,UCZ56EM6T80F5SkHnc_CRF5Q,gemQphp0p2w,‚úÖ  El PROCESO de COMPRAR CASA en ESPA√ëA (2024) siendo EXTRANJERO üòé
324,UCxEgOKuI-n-WOJaNcisHvSg,3od8lqWxx10,Recaudaci√≥n aumenta 10.6 por ciento respecto a 2022. Conferencia presidente AMLO
325,UCNnAyfKpcz1BnleJzWV6DxQ,3kNYic_3oBo,ReÃÅgimen cubano rompe el silencio sobre meÃÅdicos de Bayamo
326,UCBWF6OT9sHQU0rnMmUPdmyA,d0i_dVIy17o,Historia de M√©xico: El PORFIRIATO - Resumen | El gobierno de PORFIRIO D√çAZ
327,UCRBE-Bzvf-eOSseuqe7LATA,QaQPyK8fLow,PEL√çCULA EN ESPA√ëOL 2023 | ¬°INCRE√çBLE PELICULA !  CARRERA BRILLANTE
328,UCuBzQorV74eTFq8HlK7-zRA,gEP0pZymzBI,PTMyA T7E5: Noticias a√©reas
329,UCMjBY_FJmMLAPUI0Dxntbsw,P770zHu4tI0,El verano en que me enamor√© - Tr√°iler Oficial | Prime Video Espa√±a
330,UCZx5TzdG3RC4CMNmxJLgfRw,uTdi_P2zt8M,Teen Titans Go! En Espa√±ol | Los J√≥venes Titanes Mejorados: Cyborg
331,UCDoVqEfsRy76Rs59oa1zltw,MM9beWdI1Bs,Cardio Sin Saltos Para Perder Peso Rapido - 50 min
332,UCIwimBflls-f42ZXazVXOrg,N1R1fmqUCME,¬øVale la pena EMIGRAR a ESPA√ëA en 2023/2024? ü§îüá™üá∏
333,UCxz7sBKlpcpyCiPwXupRymw,KUZtj2neYxw,Samsung Galaxy Tab S7 FE | Review en espa√±ol
334,UCpyYUq9kcBMLPlfE8EzguvA,MPDVLdj6sLY,La majestuosa √°guila real | National Geographic Espa√±a
335,UCjz6NDWUOYprLmeDGeJzZSg,zqdUj1DksRU,4 claves para pintar pared lisa profesional (Bricocrack)
336,UC08mnbiC4FykqpHqbEWgFcg,MxO_iqlOAsY,"CHAMPIONS LEAGUE Real Madrid, L√çDER gracias a Bellingham. Manchester United, DECEPCIONA | Cron√≥metro"
337,UCI6QcXatdaEAaRTRjl3dc0w,u2G5hSsC1UI,"Filosof√≠a para cuestionar el mundo que nos rodea. Jos√© Carlos Ruiz, fil√≥sofo y profesor"
338,UCT4Jg8h03dD0iN3Pb5L0PMA,3yEgpWmOK9I,De visita en el palacio de Andr√© Rieu | Euromaxx
339,UCQcHbgkN5-aG9AhkctJXFUw,SBLiBLb23ZA,LO INCORRECTO - Una nueva mirada hacia la discapacidad
340,UC32TdiIsh_5X8tKr_9rKQyA,tUmB2eAmnr4,"Conoce a &quot;La Bestia&quot;, el tren que transporta a miles de migrantes"
341,UCcLzwVXQXSFlWYzhnYTaWqw,R3SHsg4BTLI,Alas para volar | Pel√≠culas Completas en Espa√±ol Latino
342,UCNtG0LsPq8-jqN9oUdFMImQ,_huiWHe6I1s,POR QU√â ESPA√ëAüá™üá¶ se EST√Å VACIANDOüçÇ y no HAY SOLUCI√ìNüò± POSIBLE Cubano Reacciona 2023 #Espa√±a
343,UC8El-KamqNxKQg-r15BmIxw,3oF_wzNtD9I,Novia sorprende a Randy luciendo el primer vestido que √©l dise√±√≥ | Vestido de Novia | Discovery H&amp;H
344,UCqdjDepEd9LxFrBqSbR4eWQ,LcdM_shS3jo,C√≥mo catar el vino üçáüç∑ | Todo sobre el Vino | Lidl Espa√±a
345,UCwY_F_N8pnMvN5I2vqJXwhA,AUK6QIhSWhs,RUTINA de CALISTENIA para PRINCIPIANTES SIN MATERIAL
346,UC6Ch3cmQqg5iY-Y2KloTIcA,j2jA71Vorjk,Oasis Ministry - Si Tu Presencia Conmigo No Va (Hijos Live) Feat @marcosyaroideoficial6868
347,UCD_vqC34BVWFN-6nfTXLjIA,s_Zsmx78Qe8,50. Ejemplo de mesa redonda
348,UCoAXIMqrhLmnGTkdsrna3cw,hvNwhGDe1HM,Calibre 50 - A La Antig√ºita
349,UCAVtATle-Ua7xZLZaBRXjTA,eQ68Wa38YHk,Las cosas BUENAS aprendimos de nuestro primer Verano en ESPA√ëA /Maravillas Espa√±olas que descubrimos
350,UC6Ch3cmQqg5iY-Y2KloTIcA,j2jA71Vorjk,Oasis Ministry - Si Tu Presencia Conmigo No Va (Hijos Live) Feat @marcosyaroideoficial6868
351,UCD_vqC34BVWFN-6nfTXLjIA,s_Zsmx78Qe8,50. Ejemplo de mesa redonda
352,UCoAXIMqrhLmnGTkdsrna3cw,hvNwhGDe1HM,Calibre 50 - A La Antig√ºita
353,UCAVtATle-Ua7xZLZaBRXjTA,eQ68Wa38YHk,Las cosas BUENAS aprendimos de nuestro primer Verano en ESPA√ëA /Maravillas Espa√±olas que descubrimos
354,UCz8bkZoVLH4p5r2SF3bj9xg,63RUWxCQe5o,Shaila D√∫rcal - Convenceme
355,UCT4Jg8h03dD0iN3Pb5L0PMA,-vPw8ZogxUQ,Millones dependen de ayudas para comer en Argentina
356,UCX_x8VpuubPrB754HhyIZGQ,GWQRphuXAgo,¬øEl libre albedr√≠o existe? üëÄüíÉ La opini√≥n de un Cient√≠fico y una Vidente #NaryhaCasta√±eda
357,UCPH3Oz99Y_jrVBCQMjQZNSg,zhLBGsHw9fQ,üîµ‚ö™La HISTORIA ARGENTINA en 14 minutosüîµ‚ö™| Resumen f√°cil y r√°pido
358,UCT4Jg8h03dD0iN3Pb5L0PMA,c6Lw_VboAbs,Obra incompleta: La Sagrada Familia | Euromaxx
359,UCQ1GpKa15ulyoQuxz7H4rng,B-fePf15-SM,Ant√°rtida: Un mensaje de otro planeta | DW Documental
360,UCTqDzPyS7dDBxjywNROdAUg,rPY-Y3deP38,Alejandro Fern√°ndez - Festival Internacional de la Canci√≥n de Vi√±a del Mar 2023.
361,UCUqetMbryrT0yMpokrUDJgg,,Sin Censura TV
362,UC4YImPQT-_0kCh5joATwyhw,WtH7UuosvVI,Blippi Visita un Cami√≥n de Helados | Videos Educativos | Matem√°ticas y Sumas para Ni√±os
363,UCPd-Lf5gQkAJD5XdTmT_GGA,L-STWEh9Grs,"Alsina desvela lo que habl√≥ con el Rey en el premio Cerecedo: &quot;Yo lo intent√©, pero he fracasado&quot;"
364,UCgEw3Z9YwVqhKxUrZgAG59Q,eEseJGjbcA0,Will Graham entrevista al pastor MARCOS VIDALüéµ
365,UCQ4Fgq1lDMwGJC0ZyzxaFYQ,oEHf0gDu8SU,Manuel Carrasco - Hay Que Vivir El Momento
366,UCWpnUMsmO7UXquKw5f-suFQ,6ETvM9AZhjs,Jorge el Curioso en Espa√±ol üêµCompilaci√≥n de 1 Hora üêµ Caricaturas Para Ni√±os
367,UCWV3obpZVGgJ3j9FVhEjF2Q,_joIrRpkbwQ,The BEST goalkeeping display in a FINAL | Courtois Champions League
368,UCQySZQ6rrgJXRuonMwIIGMA,E5dbpIjUm1k,Tom y Jerry: La pelicula | Avance Exclusivo | Cartoon Network
369,UCewW8MlBc2wuI6eUsEGrqcQ,H-2fm_i9VQU,Instalaci√≥n y Manipulaci√≥n de Tejas Eternit 6
370,UCaXvnAUVF3yNDC9Yyp8g6Iw,0AqLPLz6Rns,Vicentico - Los Caminos de la Vida (En Vivo en Corrientes)
371,UCT4Jg8h03dD0iN3Pb5L0PMA,ERMO28CjHBU,Depresi√≥n: cansancio de vivir | En forma
372,UC5ZiUaIJ2b5dYBYGf5iEUrA,31PScT1samc,Valeria | Tr√°iler oficial | Netflix
373,UC7QZIf0dta-XPXsp9Hv4dTw,7KkKHRI9HEA,"GUERRA UCRANIA: RUSIA AMENAZA con una ESCALADA B√âLICA, tras la REUNI√ìN en RAMSTEIN | RTVE Noticias"
374,UC8SIS0PbJ-lPiK3_zzXhwxg,W0rbNqMdF3s,Top 10 Mejores Pel√≠culas de EXTRATERRESTRES y ALIENS
375,UCI6QcXatdaEAaRTRjl3dc0w,QU1D3rG_Uog,"Tu vida es tu fiesta, no la de tus invitados. Wendy Ramos, actriz y clown"
376,UC3bRVqfLpexxvzmoIyYc-KQ,aJBNVbP_Efw,‚úÖ ¬øPor qu√© NORUEGA es tan RICA? | El modelo econ√≥mico PERFECTO
377,UCok_yhjwg4WSx3s_2Yh8ZjQ,NruJxpg2xmI,"Lenovo Vibe Z, Review en espa√±ol"
378,UCoGDh1Xa3kUCpok24JN5DKA,YEJNOGV64oA,Colegio Gringo vs. Colegio Latino | enchufetv
379,UCT4Jg8h03dD0iN3Pb5L0PMA,CXsso0EE5Vk,Cada vez m√°s refugiados haitianos llegan a M√©xico
380,UCQ1GpKa15ulyoQuxz7H4rng,h24Bha4P3Uw,"Fe, poder, manipulaci√≥n - Los secretos de la secta del Opus Dei | DW Documental"
381,UCd1TjmUZYdZfpnf_-6MSxIA,xi4wzrBBuV0,¬øPor Qu√© La Virgen de Guadalupe de M√©xico Ya Exist√≠a en Espa√±a desde el a√±o 1326?
382,UCQ1GpKa15ulyoQuxz7H4rng,_avYpLEF594,Peter Lindbergh - El fot√≥grafo de las supermodelos  | DW Documental
383,UCpyYUq9kcBMLPlfE8EzguvA,WNWVzg8ZfHg,Batalla de REYES. Lucha entre LEONES | National Geographic en Espa√±ol
384,UCF3HSzVbQjkAhOjICkSp92g,7_26orT-I0U,Nadia Ferreira revela lo que m√°s le gusta de Marc Anthony y cu√°ntos hijos quiere tener | ¬°HOLA! TV
385,UCmObdAaNbtVVR1OkKUsdgqg,tY_v6WSufJc,LA TARTA DE QUESO QUE HACEN LOS GRANDES CHEFS
386,UC7QZIf0dta-XPXsp9Hv4dTw,Qc5KwVycUeQ,"ISRAEL-GAZA: El TESTIMONIO de AHMED, un EXCARCELADO PALESTINO de 14 A√ëOS | RTVE Noticias"
387,UC98xNCw0IbVamYucnjMdu5g,_tRvGgE0Xoc,Carlos Rivera - Todav√≠a No Te Olvido / Ya No Vives en M√≠ (Desde Tlaxcala)
388,UCdtdjXU0tf6fcuZhUoKN3Nw,8JuGv5xI52w,PASSENGERS - Tr√°iler Oficial en ESPA√ëOL | Sony Pictures Espa√±a
389,UCehmligXGWQbJGQF12cK9UA,K_h1fLMYPi0,Abogado personal de Trump denunci√≥ a una empresa espa√±ola de fraude electoral en Estados Unidos
390,UC7rmCjnXx6JNr_Rm4n37cFA,MkW4d8TlXG0,Llega la PR√ìXIMA CRISIS financiera (La BURBUJA INMOBILIARIA)
391,UCUdOoVWuWmgo1wByzcsyKDQ,m1COVtAbXxQ,"Historia de las maras, las pandillas salvadore√±as enfrentadas a Nayib Bukele"
392,UCBwcXZWPoVEw4O-ZYv0qj7Q,jYLJ-i53wFU,La Verdad Sobre El Rey Felipe VI De Espa√±a
393,UCzmd9Aj2wmPggWZJpLdBB8Q,RWtxMvpdxg8,Samuel Garc√≠a podr√≠a regresar a la gubernatura de NL... De no ser ganador | PROGRAMA COMPLETO |
394,UC89pddFJvdEuIjRoHLPAeHQ,qCsRAjml8vo,Lavadoras Whirlpool - ¬øC√≥mo usar tu lavadora?
395,UCEwl20VxZ3AwOgiKMZtI1GQ,H9byzsH759M,Como curar y cocinar en Sart√©n de Fierro | La Capital
396,UCUdOoVWuWmgo1wByzcsyKDQ,TgMwHeo4DB0,C√≥mo M√©xico perdi√≥ m√°s de la mitad de su territorio contra Estados Unidos
397,UCI6QcXatdaEAaRTRjl3dc0w,ETagN9TDZJI,"V. Completa. &quot;Somos lo que la educaci√≥n hace de nosotros&quot;. Francisco Mora, doctor en Neurociencia"
398,UCRwA1NUcUnwsly35ikGhp0A,RBpgPVOJhmc,"Pel√≠cula &#39;Sicario&#39; enfurece a habitantes de Ciudad Ju√°rez, M√©xico | Noticiero | Noticias Telemundo"
399,UC9F2klx6SlGgj3AlWphBTMA,tHbsvR7Fdpo,C√≥mo pintar cualquier tipo de suelo | LEROY MERLIN
400,UCok_yhjwg4WSx3s_2Yh8ZjQ,kwchDEqXQNQ,"Elephone M3, review en espa√±ol"
401,UC-FVhfqCwhzpJ4DTJOMMofA,EQug3MyCnz4,Latinus Diario: 29 de noviembre
402,UC_Av98lDjf5KvFib5elhpYg,WZQf4c3F3kA,Rauw Alejandro - MUSEO (Official Video)
403,UC5ZiUaIJ2b5dYBYGf5iEUrA,MiFEZu7pQo0,Imperdonable | Sandra Bullock | Tr√°iler oficial | Netflix
404,UCPH3Oz99Y_jrVBCQMjQZNSg,4pK_KGB4KmA,üåéLa HISTORIA DE ESTADOS UNIDOS en 13 minutosüåé | Resumen r√°pido
405,UCU8g94a3RbC3pqEcA5-Mskg,6HPsTiN1Mo4,"Casas con techo a dos aguas | Plano de casa de 10x7,6 metros"
406,UC6fe8O70oGr9YOQh8Bg19mA,gN6lCZxU_E4,‚úÖ 10 Nuevas Recetas en Freidora de Aire Cosori #5 üåü C√≥mo usar Freidora SIN ACEITE  ‚úÖ Cosori Airfyer
407,UCIARNnWlcAFmrlZLmVXW6jg,ShvVJLvw-Cc,No Me Dejes | Doblaje en espa√±ol - Cap√≠tulo 1
408,UCRwA1NUcUnwsly35ikGhp0A,Q4IS09usUOE,9/11 El d√≠a que cambi√≥ la historia - Especial de 10 a√±os | ARCHIVO
409,UCvTyXJuQyAqG2UxzI8jtc2g,CP4ToX5Tyvw,Teorema de Bayes - Probabilidades - Ejercicios Resueltos
410,UCI6QcXatdaEAaRTRjl3dc0w,4kxCfXzsU_U,"V. Completa.  Sabidur√≠a antigua para tiempos modernos. Mauro Bonazzi, fil√≥sofo y profesor"
411,UCrw8HH13EUNsoTBsBCvOyjQ,KM8b70mbpjQ,Mis comentario a la pel√≠cula NAPOLE√ìN y algunas sugerencias bibliogr√°ficas.
412,UC8IPcF4sxZt1TCs7la4EYtw,rFXk746hDn4,"Si utilizas Snaptube, ¬øCuidado?!"
413,UCpS_1IwmQd_f2AmTSBIqnyw,XWrlKCXxFQY,"Mar√≠a Liz, Sara Sof√≠a y Sarita cantan ‚ÄòEl camino de la vida‚Äô - Batallas | La Voz Kids Colombia 2021"
414,UCRwA1NUcUnwsly35ikGhp0A,5JH9-GdxftE,Presidente Abinader defiende su muro fronterizo | Noticias Telemundo
415,UC4YImPQT-_0kCh5joATwyhw,rdUacwdA3_E,Blippi visita un patio de juegos | Videos de veh√≠culos para ni√±os | Aprende con Blippi
416,UCjloJeIH4D_MBZgj1CvXVeA,kAzrEz0Qumw,Ventajas de Trabajar con un Agente Inmobiliario Experimentado al Comprar una Casa Nueva
417,UCSU9CcO8hvayDPZSZcfTxDg,zzJEt1bsJ1Y,Los 5 mejores perfumes de mujer que duran much√≠simo
418,UCT4Jg8h03dD0iN3Pb5L0PMA,sSqwplAQHac,Playas y fauna marina en Per√∫ afectadas por derrame de petr√≥leo
419,UCI6QcXatdaEAaRTRjl3dc0w,imrNJZwmY0g,"La educaci√≥n es la puerta de las oportunidades. Carlos Torres Vila, presidente de BBVA"
420,UCTWmfOnrXC5htdwdL_ZG6IQ,Me7sZrL6OhM,Ventino - Me Equivoqu√© (Video Oficial)
421,UCBG3pvXhocK7_GjeIx2sUeg,tNCzYNGHl3g,Motores de 3 cilindros: ¬°No me quites 1!
422,UC-sOsYySa0l_u0EqJlxMuGA,5tgs5l6E_l0,"Men√∫ Semanal para DIABETES, HT, H√≠gado Graso (Almuerzos-Cenas) F√°cil y Econ√≥mico | Cocina de Addy"
423,UCQ1GpKa15ulyoQuxz7H4rng,OUfoY7h46fM,Un viaje por Corea del Norte | DW Documental
424,UCTv-XvfzLX3i4IGWAm4sbmA,cXBfVPp1DJU,Real Madrid vs FC Barcelona (2-3) J33 2016/2017 - FULL MATCH
425,UCcLzwVXQXSFlWYzhnYTaWqw,PWq6GUyffHY,"Pasado, pero no olvidado HD. Pel√≠culas Completas en Espa√±ol"
426,UCO8gWvBESNnIdZO6xyLLxTA,vFNdlljQt5k,Chevrolet Tahoe 2021 - Mejor en todo y a√∫n m√°s grande - Primer Vistazo
427,UCVttQE6tS_agDSAU61Q65aA,9sg-A-eS6Ig,"Enrique Iglesias - SUBEME LA RADIO (Official Video) ft. Descemer Bueno, Zion &amp; Lennox"
428,UC8BTzkLf8UXUkaDP5x0Qwmw,qqTqePGIjhc,"No comas pan, Desayuno saludable y s√∫per rico - Listo en 10 Minutos"
429,UC6yNnDoJZIFlHKZFWaRsn2g,_LNCCyaOP7Q,El caso de Tomas Gimeno | Criminalista Nocturno
430,UCv05qOuJ6Igbe-EyQibJgwQ,DYTsRwa7pag,La Guerra de Vietnam
431,UCGnjeahCJW1AF34HBmQTJ-Q,8C6xDjQ66wM,"Shakira - Te Aviso, Te Anuncio (Tango) (Official HD Video)"
432,UC5ZiUaIJ2b5dYBYGf5iEUrA,UAeZdEQxWt4,Bird Box: A ciegas | Tr√°iler oficial | Netflix
433,UCT4Jg8h03dD0iN3Pb5L0PMA,Jx-nT8P0WF8,Nayib Bukele responde a sus cr√≠ticos con iron√≠a
434,UCI6QcXatdaEAaRTRjl3dc0w,QTy-Q2GJBv4,"V. Completa. La importancia de ser como quieres ser. Tom√°s Navarro, psic√≥logo y escritor"
435,UCxz7sBKlpcpyCiPwXupRymw,9WXolbA3XCs,Motorola Moto G9 Play | Review en espa√±ol
436,UCTylu3hYVwekovz0wzTYGtA,gIO_tGVKofk,EN VIVO #AMLO desmiente supuesta hospitalizaci√≥n y deja como payasos a #LourdesMendoza¬†#MartinMoreno
437,UCYqGrsE-65dHpl_oj96_jzQ,YqSLaHXi3Vk,EXPERIENCIAS SORPRENDENTES AL MOMENTO DE MORIR
438,UCnmlG_YzRYzWzJbW2oDn_ow,rAPjWaqip7A,Alerta Aeropuerto Colombia: Seducido por las redes
439,UClsMcLIK4wkcFlZsTg5mu4g,cBVafvyNZmo,LAS MEJORES MASCARAS DE PESTA√ëAS ECON√ìMICAS Y DE FARMACIA- me pruebo todas | Carel Quezada
440,UCI2xormRoOhhYOSr64etDyQ,VTcWd2GzV0c,"01/12/2023 Un Mosso d&#39;Esquadra, tras los violentos desalojos de okupas en Barcelona: &quot;Lo vivimos"
441,UCHnFD0Y7L-oCaKCEbJz-Seg,bB0zkmr2OFo,Evita Perder M√∫sculo  con la Edad II üí™üèª‚ù§Ô∏è  - 25 minutos
442,UCxgadagCI1M6WU-tXAY1Sow,DzX-6Ix3FnU,La importancia de los colores en tu casa üè°üìç
443,UCfbq0Bm-_valiLVi2Im6LJQ,1KdQkWjCsyk,El Juego de las Llaves 2 - Tr√°iler oficial | Amazon Prime Video
444,UCsI3WbJnoY8-6SHhiI4AMJw,SxRIP8uu18o,C√≥mo utilizar la pluma de Trulicity
445,UCffeCLOfLmjYRUEhp_Zb2aQ,05PNvtzF-ek,"La v√≠spera de su boda, se enamor√≥ de otra persona | Pel√≠culas Completas en Espa√±ol Latino"
446,UCRPBPUHl3qSoaWlQHA0A7-A,iAFmDZNslRE,MAQUILLAJE DE NOVIA PROFESIONAL Y AUTOMAQUILLAJE
447,UCWEreVzr8fp_MogscF28R3A,ngleXbCPQm8,Reto De Cocina Yo vs Abuela | Simples trucos y herramientas de cocina secretas de Multi DO Challenge
448,UC84t25xqhPEPpGY7NBZJ_eA,cmwDygh3xGY,"El robot humanoide Sof√≠a, √∫nico en el mundo, llega al plat√≥ - El Hormiguero 3.0"
449,UCfbq0Bm-_valiLVi2Im6LJQ,oQKPCJyYiaY,El Juego de las Llaves 2 - Tr√°iler oficial | Presentado por Amazon Prime Video y PANTAYA
450,UCxz7sBKlpcpyCiPwXupRymw,8T27p0zyI34,Oppo A15 | Review en espa√±ol
451,UC5ZiUaIJ2b5dYBYGf5iEUrA,MbQoLJe76pc,Ah√≠ te encargo | Tr√°iler oficial | Netflix
452,UC9aIZ5jINUMvqBRUULmFu4g,13gztPMaX4o,Maravillas de cuidado facial‚Ä¶ ¬°por menos de 10‚Ç¨!
453,UCQ1GpKa15ulyoQuxz7H4rng,S6PTU258pWQ,Rumbo a la m√≠tica isla de Santa Elena | DW Documental
454,UCUdOoVWuWmgo1wByzcsyKDQ,f9ZYjgiBlOQ,"Inmigraci√≥n en Estados Unidos, el desaf√≠o para Joe Biden"
455,UCK7dQ7w3EJuM-tuQ4O_vR0Q,CXRK5v6nX0A,üü£ Expediente B√°rbara Rey: As√≠ fueron sus DOS PRESIONES ECON√ìMICAS al Rey
456,UCI6QcXatdaEAaRTRjl3dc0w,hMXe6OF3phM,Un viaje por el arte y la m√∫sica a trav√©s de las emociones. Ramon Gener
457,UCn7PHZ5qRQyaDdCYePw9-DQ,Fe57a6qpoi0,"El Polaco, La China - Ya No Quiero Verte (Official Video)"
458,UCvSGnE0qHDC-zADUCt-dC5A,NWMI8mfsZlk,Xiaomi Mi TV Stick: Android TV en cualquier televisor (Review espa√±ol)
459,UCT4Jg8h03dD0iN3Pb5L0PMA,9Sj7gKtvWf4,Crisis mundial por Ucrania: ¬øReci√©n comienza la guerra de Putin?
460,UCTIyEyDNHPrwVFPhpi5dm0A,-NBjl97glZU,¬°Los √∫ltimos 10 minutos y golazos de Ronaldhino vs Am√©rica! | Clausura 2015 | TUDN
461,UCuevsN9kX4PiGaSSeVA-OtQ,yAddqqupRFw,La prevenci√≥n de consumo de alcohol y otras drogas es tarea de todos
462,UCUdOoVWuWmgo1wByzcsyKDQ,tgekyzNixLs,"La Legi√≥n Extranjera, la excepci√≥n francesa"
463,UCT2UUebPuLke_BShrDh_YEA,JDvOnjPApHI,Las mejores frases de GEORGINA RODR√çGUEZ |¬†Soy Georgina |¬†Netflix Espa√±a
464,UCuTSm59-_kap6J7Se-orUVA,6M0ZAJ8tMbg,Leonas vs b√∫falos ¬øqui√©n ganar√°? | R√≠os de √Åfrica | Animal Planet
465,UCaEb7kPgpldLuEzCRzFXsLw,-bRydJhIBCw,Paw Patrol | Los superh√©roes prestan una pata üêæ | Nick Jr. en Espa√±ol
466,UCg20KUEvrStNET_i9VDXZ_g,bhcOQOKpdw0,"¬øVivir en EE. UU. o en RUSIA? / Seguridad, trabajo, relaciones personales, emigraci√≥n y mitos"
467,UCiDATmLMS6XfkB7mh8pmeHg,N6et7WTn8tA,Aprendemos en casa por Color Visi√≥n | Tercero de Secundaria | Mi√©rcoles 14 de Abril 2021 Vespertina
468,UCQFZLyU7ndDUk4epI-7QqXw,ELQCIkZerv4,Pica-Pica - üéàEl Ni√±o Est√° Malito üë∂  (Videoclip Oficial)
469,UC5ZiUaIJ2b5dYBYGf5iEUrA,-F2watcvQQs,Granizo | Tr√°iler oficial | Netflix
470,UCLWE3Y_JkecVd0jZVBwGelg,wkU18Ba91To,üá™üá∏ MI FAMILIA PRUEBA TODAS las CERVEZAS MEXICANAS por PRIMERA VEZ üá≤üáΩ **la mejor es‚Ä¶**
471,UC0yofYO4eI554EPAXrQR8Hg,tKlvAAFsvso,¬øPor qu√© esta peque√±a ciudad tejana es la frontera comercial m√°s importante de Estados Unidos?
472,UCRwA1NUcUnwsly35ikGhp0A,OjR0vOhBLTg,Ex guardaespaldas explica qu√© com√≠a Fidel Castro | Noticias | Noticias Telemundo
473,UCaYE5mZeDgNZshFsFl-rTEA,Epri3CUxb60,Nunca hab√≠a comido unos huevos tan deliciosos‚ùó Ojal√° los hubiera probado antes! huevos turcos
474,UC7FLuzLd_YAPKPC8Ie8Hg-A,TGQI-6REQLk,Imperdibles consejos para cuidar el piso
475,UCfzECkEcP-uF-6K7G-_MKsw,W6_UzUlQQXQ,LA MEJOR HAMBURGUESA üçîü§© #shorts #burger
476,UCSxsXbxXvH64bSjiKFi1L9A,qifc9EBOd4s,POSTRE con 3 INGREDIENTES (sin horno) muy f√°cil y hecho en 5 MINUTOS
477,UCBGhz1moVqt0Q7LaB0AXUrg,ZdwYmL_ELZI,La estafa de las HIDROEL√âCTRICAS
478,UCGkVdu_EVrqqxQ7OnLFK8RQ,icttaUwZAcU,Los paisajes de monta√±a y de llanura. EL RELIEVE‚õ∞| V√≠deos Educativos para Ni√±os
479,UCba3hpU7EFBSk817y9qZkiA,4e8Iw3Frf1A,LN+ EN VIVO | √öltimas noticias de la Argentina y el mundo
480,UC7QZIf0dta-XPXsp9Hv4dTw,dVznlZplKAI,CONGRESO: APERTURA de la CORTES GENERALES de la XV LEGISLATURA | RTVE Noticias
481,UCxgadagCI1M6WU-tXAY1Sow,DzX-6Ix3FnU,La importancia de los colores en tu casa üè°üìç
482,UCshVTOdmZLdLj8LTV1j_0uw,6YA0tZzLV6w,El mito de la caja de Pandora - Iseult Gillespie
483,UCbdSYaPD-lr1kW27UJuk8Pw,YxELlBMP6W4,Puedo Convencerte de que la Tierra es Plana
484,UC8EdTmyUaFIfZvVttJ9lgIA,A_ng4itLGKs,Contigo en La Ma√±ana - ENTREGA CONSTITUCI√ìN | Cap√≠tulo 04 de julio 2022
485,UCJ6CnjyJh5OPLrF6OZGkcqQ,GlRXLTrNU-Y,NINE DEATHS OF THE NINJA | Sh√¥ Kosugi | Martial Arts Movie | English | Ê≠¶ÊúØ | ÂøçËÄÖ | Ê≠¶ÊúØÁîµÂΩ± | HD | 720p
486,UC6fe8O70oGr9YOQh8Bg19mA,7M8_o_2K6Kw,üéÖ5 RECETAS para la CENA o COMIDA de NAVIDAD üéÑque PUEDES HACER el D√çA de ANTES...üòã¬°DELICIOSOS!
487,UCGbofRROopWrumVob5w61OA,Ixx0r3zaeLc,Miedo Irracionalü§∞ü§Æüëµ| Caso Cerrado | Telemundo
488,UCQ1GpKa15ulyoQuxz7H4rng,ux547wpA0dc,China - ¬øEstado policial o laboratorio del futuro? | DW Documental
489,UC0kqHBzmvlRMvmc9mjwxa6w,Rv6BNH_d1Yk,Exterior o Interior? Qu√© opinas? #realtorlife #bienesraices #tipsinmobiliarios #madrid #vivienda
490,UCD5KkySyK7JyT_ROuWLrAig,QESCOQM0aeo,Por fin deja Coahuila Miguel Riquelme
491,UCK7dQ7w3EJuM-tuQ4O_vR0Q,y4TxlCc0LBw,üü£Jaime Pe√±afiel APUNTA de nuevo a la reina Letizia y DESTAPA su relaci√≥n con su excu√±ado
492,UCRy3cUgLUdGQuXONw169MNQ,nL0UKpkF8jw,¬øPuede el amor sobrevivir a la tragedia y la traici√≥n? | Pel√≠cula rom√°ntica en Espa√±ol Latino
493,UCv05qOuJ6Igbe-EyQibJgwQ,N8S1s7B70Ak,La expansi√≥n del islam
494,UCicv75Se8iS6otnQJ_4Pa_A,XTO87y2BJYY,"LA MILLONARIA VIDA DE LIKE NASTYA, LA YOUTUBER M√ÅS RICA DEL MUNDO #Shorts"
495,UCEBa3m1MDlZ-7K7D6d5SOvA,NbY_8YEoId8,BIKE Pruebas: Las 5 mejores bicis de 2020 | Revista BIKE
496,UCiN40zpNQVWT9cUeahegtmA,5LrR3JM13L0,üö® REAL MADRID vs GRANADA EN VIVO Y EN DIRECTO | LA LIGA - JORNADA 15 üî•
497,UCM_MS3euZdX80Vl1n8HEs5Q,drN_ugtIiT0,"¬°EL GOBIERNO DE AYUSO, EN SINTON√çA CON ABASCAL: LO DE CHUECA HUELE FATAL!"
498,UC5ZiUaIJ2b5dYBYGf5iEUrA,YITf1X6hNls,P√°lpito | Tr√°iler oficial | Netflix
499,UC9F2klx6SlGgj3AlWphBTMA,7WQSO9q_Yxc,Tipos de tejas y como elegir la que necesitas | LEROY MERLIN
500,UCNKomgId0-uTA-vVLM9v1pw,24s1PnXqbr8,&quot;¬°Alerta econ√≥mica! Espa√±a en D√≠a de Deuda: ¬øC√≥mo Impactar√° en nuestra econom√≠a?&quot;
501,UCQ1GpKa15ulyoQuxz7H4rng,ux547wpA0dc,China - ¬øEstado policial o laboratorio del futuro? | DW Documental
502,UCA445Z5mv4Q2-XiysmCXcaQ,ZkL6cb9pBvI,Acad√©micas | Las distancias del olvido. A prop√≥sito de un mural de √Ångel Z√°rraga en Marruecos
503,UCEBa3m1MDlZ-7K7D6d5SOvA,NbY_8YEoId8,BIKE Pruebas: Las 5 mejores bicis de 2020 | Revista BIKE
504,UC2SEk1w7DgoHs_G3w1biz-w,-yIxPu73kIk,¬øPeso Pluma con bigote? Comparte videos con Nicki Nicole m√°s enamorado que nunca
505,UCJ6CnjyJh5OPLrF6OZGkcqQ,GlRXLTrNU-Y,NINE DEATHS OF THE NINJA | Sh√¥ Kosugi | Martial Arts Movie | English | Ê≠¶ÊúØ | ÂøçËÄÖ | Ê≠¶ÊúØÁîµÂΩ± | HD | 720p
506,UCj6PcyLvpnIRT_2W_mwa9Aw,cb12KmMMDJA,TN EN VIVO I SEGU√ç LA TRANSMISI√ìN DE TODO NOTICIAS EN VIVO
507,UCWNv6vx6WOTN91XGT5OHVXg,ftdeWa_ytAA,üî¥üîµ La &quot;REMONTADA&quot; del BARCELONA al PSG (6-1) üò≤ Champions League 2017
508,UCI6QcXatdaEAaRTRjl3dc0w,0uYi_oo4bNU,"V. Completa. La importancia de saber decir: &quot;Me quiero, te quiero&quot;. Mar√≠a Esclapez, psic√≥loga"
509,UCV5G678sZwW5IcF3pCfRbHQ,jlUK_eqKJuc,¬øQu√© es una OSTOM√çA? üëÄü©∫ü©π
510,UCZx5TzdG3RC4CMNmxJLgfRw,RkkobwB5UoU,Teen Titans Go! En Espa√±ol | Titanes Heroicos | DC Kids
511,UC6fe8O70oGr9YOQh8Bg19mA,7M8_o_2K6Kw,üéÖ5 RECETAS para la CENA o COMIDA de NAVIDAD üéÑque PUEDES HACER el D√çA de ANTES...üòã¬°DELICIOSOS!
512,UCBLCvUUCiSqBCEc-TqZ9rGw,kMoXf_ZD7EY,¬øPor qu√© el precio de Bitcoin ha colapsado?
513,UC32TdiIsh_5X8tKr_9rKQyA,D07BfWwstH4,Edici√≥n Digital: Millones en alerta en EEUU por la primera gran tormenta invernal del a√±o
514,UCKM55w4P6eRKwdSbJx4y0Zw,drWJro5pUf8,LLEGUE A HONDURAS ¬øY LA MOTO?üëÄü•∫ | TEGUCIGALPAüá≠üá≥
515,UCekYryvEhbmozhYulE03r4w,Yc4BdS_lvAY,CITED 2023
516,UCcHtke0raf8vNYLM1Hbq3Jw,D3vSXqHZcQ0,Noticias con Francisco Zea | Programa completo 30 de noviembre de 2023
517,UC47lxLJoVkfcaMkhD1rM-mw,NEGdUn4XHrs,Nueva modalidad de v√≠deos! Veremos que opina la gente en Espa√±a sobre cosas de econom√≠a! #dinero
518,UCZ3pVT4hv4hgWwHpJHyTNRQ,2pI8HBMayVw,El Fantasma - Palabra De Hombre (Video Oficial)
519,UCI2xormRoOhhYOSr64etDyQ,oTbpCxnCtDQ,"01/12/2023Piedras, botellas y bengalas  as√≠ fue el dif√≠cil desalojo okupa en Barcelona"
520,UCAMKTtcWpjjeKJnmWytLfZQ,_WfGUpdAkVs,Lamborghini Aventador SV | Prueba / Test / Review en espa√±ol | ITALIAN JOB Cap. 2 / coches.net
521,UC_Mbg8R4SRqLZA_Ip7AFgNQ,KQx7KGOoI9Y,"Navidad en diferentes pa√≠ses, Espa√±a y Latinoam√©rica. Versi√≥n completa. SergiMartinSpanish"
522,UCRy3cUgLUdGQuXONw169MNQ,nL0UKpkF8jw,¬øPuede el amor sobrevivir a la tragedia y la traici√≥n? | Pel√≠cula rom√°ntica en Espa√±ol Latino
523,UC-OTf-8FcfNUqSS4vtVpo5g,IJve4DYc2nI,¬°¬°¬°TALLER DE JOYER√çA EN CASA!!! Tutorial curso de joyer√≠a Parte 1
524,UCIuZqEdGPSPr2U4dsGpzPDQ,USEO8-E-UZ8,LAMENTABLEMENTE TORO ATACA A CAPORALüóûüì∞
525,UCVZsY1CF9VwLTKgs9YLQkXw,fwGU4Kgig3c,Enchiladas Rojas
526,UC5LTQTSlDQd-FdpyBTMasDg,tJdl0eC_bTc,TOMANDO EN LA PEGA
527,UC5ZiUaIJ2b5dYBYGf5iEUrA,GheJ7Uh9UQM,10 series espa√±olas muy guay que no son La Casa de Papel ni √âlite
528,UCrAb_x80PtTiN3lCkQOSFPg,DbdLcwisSGU,"Sucedi√≥ en el Per√∫: Costa verde, historia y desarrollo urbano  (22/02/2020)| TVPer√∫"
529,UCLyYEq4ODlw3OD9qhGqwimw,rqnLnUsX8bk,En brazos de un asesino Trailer #1 (2019) | Movieclips Indie
530,UCQ1GpKa15ulyoQuxz7H4rng,IZubgY5ZI5Y,Las ra√≠ces hist√≥ricas de los nazis modernos | DW Documental
531,UC4mKdEYyM-zZZmkjRsaYENw,7KF6v_vpyB0,Adjetivos y adverbios
532,UC8ootkKAbJC9bABoRcQf0Kw,6Yh_S612CL0,Tengo 2 Redmi Note 11 y SON DIFERENTES üò± Que NO TE ENGA√ëEN!!
533,UCz9yS18zJGQObwUL_K-ICnw,hlgx4OKsWtE,KAROL G - AMARGURA (En Vivo)
534,UCDa0-GMuTqrKkQmB8K4siJA,qTCV7tIAhdU,4TO SECUNDARIA Lunes 01 Febrero 2021
535,UCMjyume8ZiKS_gG2wP8EeYA,Vy8v-oxtK1E,Jorge Drexler - La Guerrilla de la Concordia
536,UC_y2opyo-271NuUDTlHM06g,igspsfrQ4EQ,Portugal bajo la Monarqu√≠a Hisp√°nica (Especial 1000)
537,UCUsm-fannqOY02PNN67C0KA,eRs7LriYvYU,Conferencia ma√±anera AMLO hoy / 29 de noviembre de 2023
538,UCGbofRROopWrumVob5w61OA,2-Os9WP4G4E,Caso Cerrado | ¬°La casa de los sue√±os con cad√°ver incluido! üë©‚Äç‚ù§Ô∏è‚Äçüë®üè†‚ò†Ô∏è
539,UCzbTuYE4oMxtVmOjTJxI8pQ,KyWTUi4Ekz8,ESTRENO 2023 MEJOR PELICULAS DE ACCION pelicula ataque letal pelicula completa en espa√±ol latino HD
540,UCjbqydLUauVjVu3oCrUtJCw,l0REemjI6z4,REGALAMOS el VESTIDO de NOVIA a MI SOBRINA en M√âXICO üá≤üáΩ para su BODA **ACABAMOS MUY EMOCIONADOS**
541,UCfKrhcRSXO7W7-0pavvF1OA,Grq_h8S_UlE,Zo√© - Azul
542,UCiN40zpNQVWT9cUeahegtmA,o1L4t9ae_1g,üö®NEWCASTLE vs MANCHESTER UNITED en VIVO üèÜPREMIER LEAGUE
543,UCAMKTtcWpjjeKJnmWytLfZQ,LiyV4His2Ls,2035: ¬øQu√© pasar√° cuando no puedan venderse coches de combusti√≥n? | An√°lisis en espa√±ol | coches.net
544,UCCZpm6436NiU__lcBAlEZmQ,XQrZ7giSLxI,La Prehistoria - 5 cosas que deber√≠as saber - Historia para ni√±os
545,UC8xfBVSEAryXew78mZbFZFg,pMDE3YJ9Lb8,"EN VIVO Tolima vs √Åguilas Doradas | Con: Elmer P√©rez, Beto Serna, Jos√© Mar√≠a Yepes y Laura Hern√°ndez"
546,UCy2bCk5KnIfjmWYFHMZcd5w,QXQQAsIhHMw,"ROSAL√çA, Rauw Alejandro - BESO (Official Video)"
547,UC7FLuzLd_YAPKPC8Ie8Hg-A,6hhYKrzJALA,CoÃÅmo elegir ceraÃÅmicas de piso
548,UCLp8RBhQHu9wSsq62j_Md6A,Ckw2lfuVTdM,Luis Fonsi - Nada Es Para Siempre (Official Music Video)
549,UCeGfgM5oI9RSpFIjl_AaOXg,rjSX6XOL95M,La Base 4x50 | Las Maniobras de BUKELE para AFERRARSE AL PODER en El Salvador
550,UCGbofRROopWrumVob5w61OA,2-Os9WP4G4E,Caso Cerrado | ¬°La casa de los sue√±os con cad√°ver incluido! üë©‚Äç‚ù§Ô∏è‚Äçüë®üè†‚ò†Ô∏è
551,UCKM55w4P6eRKwdSbJx4y0Zw,drWJro5pUf8,LLEGUE A HONDURAS ¬øY LA MOTO?üëÄü•∫ | TEGUCIGALPAüá≠üá≥
552,UCLrf46qsRiEs8azN_rzo7Jw,oCHq3e4k_Hg,De verdad vale la pena interponer recurso para agilizar nacionalidad?
553,UC5LTQTSlDQd-FdpyBTMasDg,tJdl0eC_bTc,TOMANDO EN LA PEGA
554,UCMjyume8ZiKS_gG2wP8EeYA,Vy8v-oxtK1E,Jorge Drexler - La Guerrilla de la Concordia
555,UCsMXWCa7l-UkhT_ynuigmLw,5pSOse1mAkw,Invertir en GAMING con CORSAIR (#CRSR) üìà ‚Äì An√°lisis de empresa de crecimiento
556,UCQ1GpKa15ulyoQuxz7H4rng,3yLoofhSdVc,Perros y humanos - Los secretos de una amistad inquebrantable | DW Documental
557,UCv05qOuJ6Igbe-EyQibJgwQ,nMA5ykesU0I,La Independencia de Estados Unidos en 11 minutos
558,UCCZpm6436NiU__lcBAlEZmQ,XQrZ7giSLxI,La Prehistoria - 5 cosas que deber√≠as saber - Historia para ni√±os
559,UC7FLuzLd_YAPKPC8Ie8Hg-A,6hhYKrzJALA,CoÃÅmo elegir ceraÃÅmicas de piso
560,UC8EdTmyUaFIfZvVttJ9lgIA,bl5VKIi5da0,Contigo en La Ma√±ana - POL√âMICA PI√ëERA | Cap√≠tulo 4 de octubre 2021
561,UCA2DauS90sMNx9jqK3wiuFQ,-AmUHglvBuk,¬øC√≥mo saber si tu pareja tuvo sexo con alguien m√°s? ¬°Ent√©rate! | Venga la Alegr√≠a
562,UCjRiweVQ4iSHWVjiPtJa6_g,17hQZEjIjPY,¬øQu√© CAMPANA ELEGIR para tu COCINA?
563,UCmYy229CpYHGUR6Wu1VncLA,cK7Gr6af5PE,ESTO ES MUY F√ÅCIL üß†üòÖ ADIVINA la COMIDA con EMOJIS üçΩÔ∏èüßê Sandra Cires Play
564,UCuGnAe86FcP2VaMdBppkMGA,sBEUu-mDteI,Jaime Bayly Jueves 30 de Noviembre del 2023 PROGRAMA COMPLETO
565,UC_DBf_EsLVaiNHpdF_3WK4w,alCF5skWcB8,Los 10 LUGARES SUBTERR√ÅNEOS M√°s Misteriosos del Mundo
566,UCeGfgM5oI9RSpFIjl_AaOXg,rjSX6XOL95M,La Base 4x50 | Las Maniobras de BUKELE para AFERRARSE AL PODER en El Salvador
567,UC1Rrxxg3BBIG5uK2SE6q76Q,-uIwwdq17zQ,üî•4 T√âCNICAS PARA CUALQUIER CORTE DE CABELLO ‚ñ∑ EXPLICADAS PASO A PASO
568,UCLp8RBhQHu9wSsq62j_Md6A,Ckw2lfuVTdM,Luis Fonsi - Nada Es Para Siempre (Official Music Video)
569,UCW8leg1zCALE3STqOhisitA,vME8NbslyK0,Jerry &amp; Marge Go Large | Trailer Oficial en Espa√±ol
570,UCA-LBkf65vDU58UKyJpR4VQ,44ddtR0XDVU,The Earthing Movie: The Remarkable Science of Grounding (full documentary)
571,UCwd8Byi93KbnsYmCcKLExvQ,k-6dTFFsKes,TODO ES GEOPOL√çTICA | Europa frente a Rusia: &quot;Nuestra existencia depende de Ucrania&quot;
572,UCnsvJeZO4RigQ898WdDNoBw,fxI8Um5x73c,EL COMIDISTA | C√≥mo reconocer un buen aceite de oliva
573,UCsQ86tPIetZ6_u3zoyC5ikw,K0PD8RC-2QA,üõµ Las MEJORES SCOOTERS EL√âCTRICAS  para COMPRAR en 2019-2020
574,UC8EdTmyUaFIfZvVttJ9lgIA,6boOqItpYgg,&quot;BORIC NO SE ATREVE&quot;: El intenso debate por amnist√≠a a presos de la revuelta - Contigo en Directo
575,UC90DZ8cMTIObF-FqOdDdjjg,uOHVtbaz_Zg,Lasa√±a de Carne con Queso y Bechamel s√∫per Deliciosa
576,UCRwA1NUcUnwsly35ikGhp0A,UJbUzFcwQCM,Shakira y Piqu√© estar√≠an enfrentando una crisis de pareja | Noticias Telemundo
577,UCjbqydLUauVjVu3oCrUtJCw,l0REemjI6z4,REGALAMOS el VESTIDO de NOVIA a MI SOBRINA en M√âXICO üá≤üáΩ para su BODA **ACABAMOS MUY EMOCIONADOS**
578,UCsBMUwXcUr82-2tLriXF2PA,-tGxzmX2RaU,EP4. Comprar comida en Espa√±a üá™üá∏ ¬øCaro o barato?
579,UCwd8Byi93KbnsYmCcKLExvQ,XqDWgQb7tn8,TODO ES GEOPOL√çTICA | Europa frente a Rusia: &quot;Nuestra existencia depende de Ucrania&quot;
580,UCmBA_wu8xGg1OfOkfW13Q0Q,wAjHQXrIj9o,Bad Bunny ft. Bomba Est√©reo - Ojitos Lindos (Video Oficial) | Un Verano Sin Ti
581,UCG7pu4yj5lvVScl3HJZIYPw,NxqoA6MjZZk,HAZ QUE TE DESEE  - LIVE - Martes de Modo Guerra
582,UCBsjRVbGE0ozZkRZYBbgSUQ,uufHMsr_GTs,ASMR ESPA√ëOL / DU√âRMETE con este TEST RARO de PERSONALIDAD muy RELAJANTE
583,UCyX2lI84pRch-7I90SvBinA,Mrci4NGnq4E,Adivina LA PEL√çCULA Con EMOJIS üìΩÔ∏è  ¬°Desaf√≠a tu Memoria Cinematogr√°fica!
584,UC7QZIf0dta-XPXsp9Hv4dTw,16Wjeyn4YUc,GUERRA EN UCRANIA-ESPECIAL INFORMATIVO: PUTIN ataca e invade Ucrania | RTVE
585,UCort3mldTtMErPqprSlSfng,w-H3EJin94c,Willax en vivo - AMOR Y FUEGO - 29/11/2023 | Willax Televisi√≥n
586,UCRTAHXRbRuYlsSCmb_78d_Q,-jI4AGaBULA,¬øEL GOBIERNO EST√Å QUEBRANDO EL SISTEMA DE SALUD? | MERMELADA DE LA BUENA #notidanny
587,UCCiBQWJkxpHJt2nto-aNw4Q,XVdJ_SR-ZI0,Dentro de una mansi√≥n de 25.000.000‚Ç¨ en Mallorca. ¬øQuieres verla por dentro? Haz click en mi perfil
588,UC9zQcL1pg_MDpsV_jv9rpfg,h3sYZYUAjtk,Quiero Vender directamente mi casa
589,UC5ZiUaIJ2b5dYBYGf5iEUrA,MZecv22jTto,Belinda analiza a √Åfrica en Bienvenidos a Ed√©n
590,UCQ1GpKa15ulyoQuxz7H4rng,34Kz-PP_X7c,¬øDe qu√© es capaz la inteligencia artificial?  | DW Documental
591,UCPeGv4l3-gJvuJ4IJ47QC7Q,SlgtjRq5AXs,"Los √Ångeles Azules, Belinda, Lalo Ebratt - Amor A Primera Vista ft. Horacio Palencia"
592,UCkRyqjV0MMw9L4AFQPNpTrQ,Djku-iwIJi0,ASESlN√í a su FAMILIA porqu√© su ESPOSA ten√≠a una AMANTE MUJER: El caso de la FAMILIA Kahler
593,UCAw5QyNqUHoXOeu4fsWqjtg,ZdMRW2_AbG8,¬øTe gustar√≠a vivir con comodidad y estilo? Departamento moderno y funcional en Renta #bienesraices
594,UCKQgiVPqEPU0tImAjFG5lNA,a376zRhSXXI,Clase de yoga: Yoga din√°mico (30 minutos)
595,UCjz6NDWUOYprLmeDGeJzZSg,BjuyUJqHCIE,Los secretos de la cortadora de cer√°mica (Bricocrack)
596,UCRwA1NUcUnwsly35ikGhp0A,97RA3GpgxTU,El peligro de la dieta del vinagre de manzana | Noticiero | Noticias Telemundo
597,UCJ46VgZgCMLFUvOT671AOJw,uor10DwZazI,[En espa√±ol] Discurso del presidente Biden sobre el Estado de la Naci√≥n
598,UCchgIh8Tc4sTmBfnMQ5pDdg,eP93PQMmXsc,Rick Steves&#39; Andaluc√≠a: The Best of Southern Spain
599,UCoERKXqq6oMyoRlw5L2tQBQ,I_6TR50zJGI,El Rat√≥n Zum Pa Pa | Canciones infantiles y videos para ni√±os - HeyKids
600,UCkRyqjV0MMw9L4AFQPNpTrQ,Djku-iwIJi0,ASESlN√í a su FAMILIA porqu√© su ESPOSA ten√≠a una AMANTE MUJER: El caso de la FAMILIA Kahler
601,UCT4Jg8h03dD0iN3Pb5L0PMA,qgsbZFSPj_I,DW Noticias 26 de noviembre: Nuevo canje de prisioneros abre la puerta a extender la tregua en Gaza
602,UCAw5QyNqUHoXOeu4fsWqjtg,ZdMRW2_AbG8,¬øTe gustar√≠a vivir con comodidad y estilo? Departamento moderno y funcional en Renta #bienesraices
603,UCKQgiVPqEPU0tImAjFG5lNA,a376zRhSXXI,Clase de yoga: Yoga din√°mico (30 minutos)
604,UCjz6NDWUOYprLmeDGeJzZSg,BjuyUJqHCIE,Los secretos de la cortadora de cer√°mica (Bricocrack)
605,UCRwA1NUcUnwsly35ikGhp0A,97RA3GpgxTU,El peligro de la dieta del vinagre de manzana | Noticiero | Noticias Telemundo
606,UCJ46VgZgCMLFUvOT671AOJw,uor10DwZazI,[En espa√±ol] Discurso del presidente Biden sobre el Estado de la Naci√≥n
607,UCchgIh8Tc4sTmBfnMQ5pDdg,eP93PQMmXsc,Rick Steves&#39; Andaluc√≠a: The Best of Southern Spain
608,UCxIM-_g0jz9DG7dCdxmyrHg,gwiVC-Iis5s,AMLO LLEGA A LA CASA BLANCA! IMPACTANTE MENSAJE EN WASHINGTON. DEJA TODO CLARO. ULTIMA HORA
609,UCoERKXqq6oMyoRlw5L2tQBQ,I_6TR50zJGI,El Rat√≥n Zum Pa Pa | Canciones infantiles y videos para ni√±os - HeyKids
610,UCS-4NlbHYyfL8z9FiZ7NQ0g,DuyPMzG4oIE,Autor De Guerra Mundial Z Llama Al Coronavirus &#39;Llamada De Atenci√≥n&#39;
611,UC1IYhBFQbBWIxirTRbcfIUw,KtmCyu81Nlk,Tertulia de Federico: ¬øQu√© van a suponer los cambios en la c√∫pula del PP?
612,UCehFHs-2s4bfmotjKMwRfxw,5DamhpGNnwI,5 M√âTODOS para la LECTORESCRITURA - Ense√±ar a LEER y ESCRIBIR a un NI√ëO / m√©todo R√°pido Y F√°cil
613,UCQ1GpKa15ulyoQuxz7H4rng,kskOdXuRW30,Marruecos y EE.UU: la discusi√≥n sobre la legalizaci√≥n del c√°nnabis | Nosotros y ellos| DW Documental
614,UCO4JB7fuRiSRnI3Ge1x2zKg,cusd8V9KiPM,Nuevo GOLPE de Estados Unidos a Pedro S√°nchez
615,UCRwA1NUcUnwsly35ikGhp0A,gaSMCpZ7lcU,Rep√∫blica Dominicana es uno de los pa√≠ses latinos con m√°s muertes por COVID-19 | Noticias Telemundo
616,UCEq7SXGZ-0Hz2AYCq4CtjfQ,UoSqTOMG8Lk,"üö®ULTIMA HORA: PRIMER FICHAJAZO DEL BARCELONA, LO CELSO - MBAPPE RENUNCIA al PSG - ANSU 3 MESES FUERA"
617,UCLuHseEeLiX6IjYDMu1-RHQ,TVtIeohKciA,sabado
618,UCvN4WDikalK5wP-QFE9Zyag,m5UcZ9thgPI,"Andrea Bocelli, Marta Sanchez - Vivo Por Ella"
619,UC7QZIf0dta-XPXsp9Hv4dTw,axEQIGlC1bE,GUERRA EN UCRANIA-ESPECIAL INFORMATIVO: PUTIN ataca varias ciudades ucranianas | RTVE
620,UCGkVdu_EVrqqxQ7OnLFK8RQ,Ptz0vfOZ12w,Mesopotamia. Una civilizaci√≥n entre dos r√≠os | ViÃÅdeos educativos para ninÃÉos
621,UCvmF_tzu-eK6FRfMlOp6-Fg,ybREaLBLmG0,50 juegos incre√≠bles que te puedes pasar en una tarde
622,UCrkVjeQUM5_GIp7vCWn64yw,s55w_PnQw1s,EXODUS: DIOSES Y REYES | Nuevo Tr√°iler
623,UCBMnEsGyEZmCUUvJGMC4hMQ,3Hv3DkVVL1s,Objetos de Poder Oscuro - Milenio 3 en el √Årtico
624,UCRrd1yXXs-QOa8e_MEWVu-Q,NK7UaaXymVA,Me he roto el tend√≥n supraespinoso del hombro | Cirug√≠a para reparar el tend√≥n del hombro
625,UCshe7-1A5MN_ArHsG_3V41g,_fVVxYw-QKs,"#evtv #EnVivo | #EVTVnoticias  #EstelarCon #LaKatuar, 30 de noviembre de 2023 | EVTV noticias"
626,UCRXzVW7CPvf5A1sDrqZoQSQ,jozhi98VPTI,ISRAEL y EE.UU: el reparto de GAZA. RUSIA averg√ºenza a EUROPA. MILEI hace los deberes. PIB USA
627,UC5ZiUaIJ2b5dYBYGf5iEUrA,HbwzkVNS7KY,La mujer en la ventana | Tr√°iler oficial | Netflix
628,UCLRbnb5jxP-x6OAN9m-3AOw,-m0IMhtw4kI,DISCUSI√ìN POR CULPA DE ROCKY THE KID!!
629,UCN2tli7bpYBvb7DHQZouvMA,J6GZEAjoQy0,5to y 6to primaria - AeC -  Valoramos la gastronom√≠a de nuestra comunidad
630,UC8Ef_5RvcZb3KxI3J5r5Sxg,91u71T61-8k,Jessi Uribe - Matemos Las Ganas l Video Oficial
631,UC5ZiUaIJ2b5dYBYGf5iEUrA,6HTS2apdLH0,Somos. | Tr√°iler oficial | Netflix
632,UCEz5YttXlRCaCEb2BV7aviA,t8mav4t5AJA,COMO CROMAR PIEZAS FACIL Y BARATO!
633,UC6fe8O70oGr9YOQh8Bg19mA,tXVKxR3VlYo,üéÑMEN√ö Completo CENA ESPECIAL de NOCHEBUENA üéÖ Recetas F√°ciles y Deliciosas üòã en BlitzHome BH-AO1 üò±ü•∞
634,UCzI7wZyqk7jpXWT_MILjepw,OEvPda1oSYQ,Paulo Londra - No Puedo (Official Video)
635,UCYkY4PooOJhmc4bhlK3Qkog,A8_QM21BE4A,"LUIS SU√ÅREZ, THE KING. GREMIO 2023 ‚ö°"
636,UCCyCcRlr_NRDP-JFAhBxq1g,jR03BzhpiKQ,¬°COMPR√â EL CARRO DE MIS SUE√ëOS! üöó ‚ú® ESTA FUE MI REACCI√ìN üò± Lulu99
637,UC4mKdEYyM-zZZmkjRsaYENw,qP5k4JD36xw,¬øC√≥mo elaborar una noticia?
638,UC2T6NU6-JLWzAzaGdqvNyzA,S3FD6248YC0,Garc√≠a-Margallo sentencia a S√°nchez: &quot;Ha empezado a perder esplendor en la UE&quot;.
639,UCF20DheCsen-iOMtHN1XMcw,Q42BgGVAO0Q,SANTEE | Glenn Ford | Michael Burns | Full Length Western Movie | English | HD | 720p
640,UCaEb7kPgpldLuEzCRzFXsLw,AMkuHytHcIE,"PAW Patrol, Patrulla de cachorros | Marshall se toma un descanso | Nick Jr. en Espa√±ol"
641,UCVttQE6tS_agDSAU61Q65aA,tYDmvYhQ6wI,"Enrique Iglesias, Descemer Bueno - Nos Fuimos Lejos ft. El Micha (Official Video)"
642,UCqXM5aPjJuDs0X5Xba69QOg,eJG2KW78ABA,Capulina: El Metiche - Pel√≠cula Completa
643,UCSPD27Cs5gDePZ07G4m70Cg,7wQbBhXTDyE,ISRAEL RETIRA A SU EMBAJADORA DE ESPA√ëA (no soportan la verdad)
644,UCwiiACQ5jBDLF1kbrdzVaWA,ymJ1svwvpLQ,Santa RM - Mucho Para M√≠ (Ft. Franco Escamilla) [Video Oficial]
645,UC6Raldd8iIExwu5BNS_hzvw,yU_ms32GeRw,UN NOVIO PARA MI MUJER - Tr√°iler Oficial (Universal Pictures) HD
646,UCOWKssYVOxWXFn7AhkOJdjw,C84kzcURDJU,Veces Que Aparecieron Princesas De Disney En Otras Pel√≠culas
647,UC9TO_oo4c_LrOiKNaY6aysA,x6UODla2hqE,Daddy Yankee - Llegamos a La Disco (Video Oficial)
648,UCDNNE8isqvPoX7YFfhaXXyA,zqSISPX4PEE,Ser madre es un plus
649,UCjRiweVQ4iSHWVjiPtJa6_g,YWL-VtqUYpU,¬øQU√â SUELO ELEGIR PARA LA COCINA? #SuelosCer√°micos
650,UC_tcGeiqnQGYM6qci15V1Ww,VmFHizBG-80,¬øEl Euro Digital en 2030
651,UCWNv6vx6WOTN91XGT5OHVXg,OnAkIkKj13Q,La DUOD√âCIMA del REAL MADRID (2017) üèÜ La CHAMPIONS de CRISTIANO RONALDO üíúü§ç
652,UCl53rJuQXLr_qcVOcGDCMjw,oQv5sL43Lxs,Pagu√© $200 por CAJA de AMAZON DEVOLUCIONES üì¶‚ùì Caja Misteriosa | Curiosidades con Mike
653,UCsguTvsUeJUbMdCRr0IBf7Q,OZtHt6ePZeI,The downfall of Spain&#39;s biggest NIGHTCLUB | We Explored It 30 Years After Closure!
654,UCAsteiWdOAMDv8pJfCHX3Fg,Q3F3sC8K2C0,Actores Turcos DETIENEN GRABACIONES por los Damnificados del Terremoto
655,UCFaZkbMaO8jNujvgIm3tjCQ,h-mdJt22aOQ,C√ìMO FORMAR ORACIONES EN INGL√âS: la estructura b√°sica de la oraci√≥n en ingl√©s
656,UCJPuMBR7YVh-d4vLICSZuZA,zhO7GW-fMaM,PILAR VIDAL acusa a ANGEL CRISTO JR de MAL0S TRAT0S
657,UCoE7rixJbJx0JnZ_lHP5Ylg,dt7g4QopoI0,El V√çDEO DEFINITIVO para APRENDER a MOVER las CADERAS en BACHATA | Todos los TIPS | Alfonso y M√≥nica
658,UCgvIcaQEkYbqAurrYFrmAzA,GKiw71QYIc4,üé∏üé∏üé∏APRENDO EN CASA: SOLUCIONARIO DE LA PRUEBA DE DIAGN√ìSTICO MATEM√ÅTICA 1¬∫ SECUNDARIA  PARTE 2 üíôüíôüíô
659,UCmg8fvWtHWMXU37Ur4zNcGg,eeG70CKUVyQ,¬°Luis Miguel CANCELA concierto en Quer√©taro y numerolog√≠a con Alejandro Fernando!
660,UCrtmiqXUgkamezkmUvJxRRw,pGGJwaGpxCU,Carmen DeLeon - B√©same Bonito (Video Oficial)
661,UCBL6dDtZCV0jU7qbBVK2BiA,NujhYq8dumg,¬øSab√≠as que es un fraude inmobiliario? en este video te ense√±amos como identificarlo y como evitarlo
662,UCsguTvsUeJUbMdCRr0IBf7Q,SePVslE-3Rw,LOST FOREVER | Abandoned Italian Golden Palace of an Exorcist Family (BREATHTAKING)
663,UCdLwisBtbx8CgPh9q7dlevQ,WEx2p7_3XNg,Tratamiento de hemorroides internas y externas con cirug√≠a - Dr. Javier de Oca
664,UCNeq3Obf4zOv5rhORI8Vz5g,upcdJ6z-wiQ,El Nacimiento de Equipo Danger | Espa√±a | Nickelodeon en Espa√±ol
665,UC7q1pp7hdEKsD_vMhQJwKpQ,BVQatzChOqo,MARISOLA REMIX (Video Oficial) - CRIS MJ x STANDLY x NICKI NICOLE x DUKI x STARS MUSIC CHILE
666,UC5ZiUaIJ2b5dYBYGf5iEUrA,QMWtJ3Mx-8g,El Reino | Tr√°iler oficial | Netflix
667,UC7QZIf0dta-XPXsp9Hv4dTw,Y2nUsbu9U5M,GUERRA UCRANIA: Especial Informativo del SEGUNDO D√çA de OFENSIVA RUSA | RTVE Noticias
668,UCI6QcXatdaEAaRTRjl3dc0w,GidR3MEYIKA,"V.Completa. Aprendizajes de vida: valores, √©xito y liderazgo. Carlos Torres Vila, presidente de BBVA"
669,UCpyYUq9kcBMLPlfE8EzguvA,JlZSTQwEIDY,Unos leones se adentran en el lodo para capturar a un b√∫falo atrapado | NATIONAL GEOGRAPHIC
670,UCI6QcXatdaEAaRTRjl3dc0w,KUTh9fBg_nQ,Versi√≥n Completa. ‚ÄúLas emociones impactan mucho en la inteligencia de los ni√±os‚Äù. Elsa Punset
671,UCyRxj7Y2PmtuIgVImTWq1GQ,Cu4WYrktr2M,Tu hogar es tu destino - Cap√≠tulo 12 - FINAL DE TEMPORADA - Voz Espa√±ola
672,UCqh7RMx5BPU9k0D3MAVtGQg,ZP_o6GQaFW8,&quot;La Odisea de los Giles&quot;. Trailer #1. Oficial Warner Bros. Pictures Argentina (HD)
673,UCxOahresT9J8qOYMYATh5QA,Dcd-4M2uhAw,"üî¥#ENVIVO|MUNDO AL ROJO,PUTIN cercado denuncia:no es una GUERRA con UCRANIA sino contra el GLOBALISMO"
674,UCyM-2pRapEv6V2q7UNO9icg,WipXXR8vweo,üí∞¬øPor qu√© la Gente Paga por Onlyfans? | Caso Onlyfans
675,UCLWE3Y_JkecVd0jZVBwGelg,Q95QO9Uo6_o,üá™üá∏ REACCI√ìN a LA RESPUESTA de ELMER Y DIANO ü§¨ TIRADERA a SIECK üá≤üáΩ **esto no me lo esperaba**
676,UCI6QcXatdaEAaRTRjl3dc0w,5xOGYn0KvnU,"La neurociencia de la meditaci√≥n. Nazareth Castellanos, neurocient√≠fica"
677,UCq3zaHCaZtb3TtNwwz0PK2w,TTHhTb7ULEk,Descubriendo La Cenicienta | Disney Princesa
678,UC5jtelPp0Cdxv4SZJsp2HLA,710Cz-pvghA,Osos Adorables | Escandalosos | Cartoon Network
679,UCvi4oSs66BvPmSGwT4RARkg,SmF4wY7U7QE,Amapolas - Leo Rizzi (V√≠deo Oficial)
680,UCcfI-V3I0WZGZKI_jBp-1Gg,iXs3ANkVft0,Entrevista de Trabajo: Preguntas y Respuestas m√°s Frecuentes
681,UCfta9xPjq6PFPYTaiArr_Dg,ZwvXRYDPoqA,"Espectacular Apartamento en Real de La Quinta, Benahav√≠s."
682,UC1emV4A8liRs9p80CY8ElUQ,1hpc70_OoAg,Aprende Node.js y Express - Curso desde Cero
683,UCTv-XvfzLX3i4IGWAm4sbmA,7i4qb48viM4,FC Barcelona vs Real Madrid (2-2) J36 2017/2018 - FULL MATCH
684,UCHLB8qMbRnNH5dof-rBf61g,KEOfeAPclOk,CORTINAS: üì£ Te REVELO todo la VERDAD sobre ellas | DISE√ëO de INTERIORES | MiriamMimesis
685,UC6Raldd8iIExwu5BNS_hzvw,q-fYyGIjoio,OBSESI√ìN - Tr√°iler HD
686,UCxRULEz6kS0PMxCzOY25GhQ,JvoWPjF_C5g,"Amor, Amor de Mis Amores (En Vivo [Sala Telef√≥nica del Centro Cultural Roberto Cantoral])"
687,UC4tcwu0dgUw3lxiZkpd4Pqw,SG3dSWd5t6c,Emilia - cuatro veinte (Official Video)
688,UCmS75G-98QihSusY7NfCZtw,Gzs60iBgd3E,DUKI || BZRP Music Sessions #50
689,UCFkoPRmuxqr37jvGmmpzhzQ,pK060iUFWXg,Maluma - Haw√°i (Official Video)
690,UCoAXIMqrhLmnGTkdsrna3cw,pC7a27zE2fs,Calibre 50 - Corrido De Juanito
691,UCaEb7kPgpldLuEzCRzFXsLw,j1A15pRQO5Y,"Paw Patrol, Patrulla de cachorros | ¬°40 MIN de rescates emocionantes! | Nick Jr. en Espa√±ol"
692,UCI6QcXatdaEAaRTRjl3dc0w,_IugzPwpsyY,"Versi√≥n Completa. Resiliencia: el dolor es inevitable, el sufrimiento es opcional. Boris Cyrulnik"
693,UCPH3Oz99Y_jrVBCQMjQZNSg,sB6VQlJez4w,‚≠ê La HISTORIA del SIGLO XX en 10 minutos‚≠ê| El resumen definitivo
694,UCCZpm6436NiU__lcBAlEZmQ,mOB0T6_ayo8,Los SIN√ìNIMOS y los ANT√ìNIMOS | Recopilaci√≥n | ¬øCu√°l es la diferencia entre sin√≥nimo y ant√≥nimo?
695,UCfKrhcRSXO7W7-0pavvF1OA,6W4L2O-JQ-w,Zo√© - Luna (MTV Unplugged)
696,UCDoVqEfsRy76Rs59oa1zltw,dJIu5LgJ2ow,QUEMA GRASA üî• en 30 MINUTOS con este CARDIO SUPER DIVERTIDO üíÉüèº
697,UCDoVqEfsRy76Rs59oa1zltw,w-agh3cKDvE,QUEMA GRASA üî• en 30 MINUTOS con este CARDIO SUPER DIVERTIDO üíÉüèº
698,UCzSoH92KxHSJA0Ig4fEEWIA,gY1z2bNv17A,Todo puede cambiar (Presentaci√≥n Equipo J&amp;R) (&quot;Soy Luna - Modo Amar&quot;/Momento Musical)
699,UClAfSxKoD4qxOQ4s3DvoaTA,9gXFylLHZI8,Conjunto Primavera - No Te Podias Quedar (Video Oficial)
700,UC1q1VLmN_tCL5RUam7VMCwg,CmIdm6hhINA,LVBP 22-23 EN VIVO - NAVEGANTES DEL MAGALLANES VS LEONES DEL CARACAS (COMENTARIOS)
701,UCZBR7jzRamjhK7FCV9bg-7w,LEhkK8eDvR0,Boda Sangrienta | Primer Trailer Subtitulado | Pr√≥ximamente - Solo en cines
702,UCcpE1fmG2qBZatj28bak2ng,FLItjxgmX7c,Tu Voz Est√©reo - Cap√≠tulo: Una suegra como ninguna - Caracol Televisi√≥n
703,UCEU5ZK7DwN9ppqPFJiGah3A,JEdDaalYx0s,EL ALFA &quot;EL CAPO&quot; ‚ùå NORIEL ‚ùå TRUENO - LOS APARATOS ‚úàÔ∏èüí∞ #SagitarioTheAlbum
704,UCCZpm6436NiU__lcBAlEZmQ,NKdHlkolGBM,HISTORIA para ni√±os - Desde la prehistoria hasta la Revoluci√≥n Industrial - Recopilaci√≥n
705,UCsDG_lFhRcvC14XRYVLeIfA,S0hcKx9Fwys,Sin Senos S√≠ Hay Para√≠so 3 | Cap√≠tulo 1 | Telemundo Novelas
706,UCqmZBc7T8J5TFuRT5uf-j_g,oqHq-ahmeys,Escala el conflicto entre China y EEUU por Taiw√°n
707,UCUdOoVWuWmgo1wByzcsyKDQ,0t8l-ns07HY,Informe especial | Guerra en Ucrania: m√°xima tensi√≥n en el este de Europa
708,UCYo0G9FDJHHH8T9kyy_0mLA,lft3ySVBJa0,Morphle en Espa√±ol | princesa y mendigo | Caricaturas para Ni√±os | Caricaturas en Espa√±ol
709,UC9ap9QABPQixd4cVzmm-uUA,VV5hiVAs0cs,üî•SOLUCI√ìN PS PLUS CANAD√Å. NUEVO M√âTODO SIN MEDIOS DE PAGO. FUNCIONANDO FULL
710,UCT4Jg8h03dD0iN3Pb5L0PMA,gB03yr5obUE,"Cuba, en medio de la crisis y el embargo"
711,UCel-VAIVXORe47DTgcq3WLg,e7SNcCr5hxc,A Hist√≥ria de Portugal (Parte 1): A Origem dos Portugueses
712,UCAADDcWPsQ2Y738skVTuEDA,u5vHoXlQc2Y,B-3387.MALAGA.Si buscas un elegante alquiler en el CENTRO mira este superelegante de 2 Dormitorios.üåû
713,UCKaTrRBX5oLRvEAZSA707Rg,43Tu04MMAxk,‚úÖNueva Residencia N√≥mada digital aprobada üëåüèª‚Äã‚úÖ‚Äãüíª‚Äã
714,UCXKRAzf7Qh1Iiw93LHXyI5w,Ym610btbGNM,5 TITULARES INMOBILIARIOS - RESUMEN SEMANAL
715,UC-iZcSmvVFSRER9y1UzTBLw,2tvaHaQv4rI,Caporales
716,UCX6OQ3DkcsbYNE6H8uQQuVA,YlvcFJOE-OE,Giving iPhones Instead Of Candy on Halloween
717,UCOCUg-yoZmg7lf9YtWqUvNQ,WLUTmrCYvJo,Consumo y venta #espa√±atiktok #clavero #travelvlog #podcast #short #podcastespanol #drug
718,UC6ffFUtT43XHlccQbyWsNHA,EcPjmCJcMZ8,¬°ALGO MUY EXTRA√ëO EST√Å SUCEDIENDO EN LA LUNA!
