,canal_ID,video_ID,video_Title
0,UCJKQNkpFXC3fRiVE3C6fZuQ,a7it63FFDYQ,6 ideas sobre la Violencia de G√©nero/Intrafamiliar/Machista/Dom√©stica
1,UC84t25xqhPEPpGY7NBZJ_eA,i_t19HsTKZo,Santiago Abascal sobre la violencia de g√©nero: &quot;Busca la guerra de sexos y criminalizar al hombre&quot;
2,UCI6QcXatdaEAaRTRjl3dc0w,I4TSXVPr8_8,"&quot;La sociedad a√∫n no entiende lo que es la violencia de g√©nero&quot;. Marina Marroqu√≠, educadora social"
3,UCnsvJeZO4RigQ898WdDNoBw,iokz2R67Azk,LEY DE VIOLENCIA DE G√âNERO | Claves de la ley que critica VOX en cinco minutos | Explainer
4,UCCJs5mITIqxqJGeFjt9N1Mg,VhdvJLKVIHQ,Violencia de g√©nero y violencia dom√©stica no son lo mismo y ya lo recoge la ley
5,UCRvpumrJs0qY1xLzeU0Ss1Q,7uBV6pIDAQw,¬øQu√© opina VOX de la violencia contra la mujer?
6,UCMP7jOcevdMVAycZvlOGK3w,2Ko9vjqkOAM,"La Ley de Vio***cia de G√©nero es BASURA, te lo dice una MUJER ABOGADA"
7,UCK2uga7UOX0KjtdNSOiFxdg,y2hdW33BqaU,Opini√≥n: La violencia de g√©nero | Ana Velasco Abogada
8,UCsT0YIqwnpJCM-mx7-gSA4Q,VV-i6nzyrJs,¬øC√≥mo son las v√≠ctimas de violencia de g√©nero? | Lorena √Ålvarez | TEDxTukuyWomen
9,UCUS73_bjTYwBFAfXbvIjM8Q,1hYZjJ4t2d0,Vox avisa que quiere derogar la Ley de Violencia de G√©nero
10,UCQ2Fej5pr1ipVeBWTX8Sc_Q,gsrP99izggs,&quot;Mi mujer es la que manda en casa&quot;: la proclama de Abascal que provoca revuelo en el Congreso
11,UCJKjzEoy91UYS-bZLc4CLCQ,tiv5h0C_r_g,La igualdad de g√©nero es injusta - Agust√≠n Laje
12,UCUdOoVWuWmgo1wByzcsyKDQ,-O5ogJ032a4,Espa√±a al frente en la lucha contra la violencia de g√©nero
13,UC06JTzRaYRy7M6Y6KaNLCCw,vH_2q9_W7ZE,La realidad de la violencia contra la mujer en Espa√±a
14,UCsT0YIqwnpJCM-mx7-gSA4Q,VVF2rGDwNhY,Las primeras se√±ales de la violencia de g√©nero | Marina Marroqu√≠ | TEDxTarragona
15,UCJKjzEoy91UYS-bZLc4CLCQ,WtVBQrzvQok,Feminista trata de darme clase de feminismo y sale mal - [Agust√≠n Laje]
16,UCWpBYQF-ZuL6FQ05OIL9Yzg,_h7urSuex4Y,PREGUNTAS A MUJERES SOBRE LA LEY SOLO S√ç ES S√ç #feminismo
17,UCwtu3Ul-eiQEN81HNN6RQtw,KeOl9-fQJOs,La actualidad en Violencia de G√©nero en Espa√±a | Susana Gisbert
18,UCHnUxhbsapsYyriBKmRRnUg,s-oIbJJkPwk,üí•Cuca Gamarra HUMILLA a las v√≠ctimas de violencia de g√©nero
19,UC6nVHOzgFSU1p-zQHfv7czw,G_lQRaoIM10,La violencia de g√©nero y su marco normativo: introducci√≥n
20,UCI6QcXatdaEAaRTRjl3dc0w,iyCHxB7wdeQ,¬øPor qu√© existe a√∫n desigualdad entre hombres y mujeres? EP8: El desaf√≠o de la Igualdad
21,UCI6QcXatdaEAaRTRjl3dc0w,gl6c1kLrJnU,"C√≥mo educar en la igualdad de g√©nero. Marina Subirats, soci√≥loga"
22,UCT4Jg8h03dD0iN3Pb5L0PMA,PmgbmeGMRRw,¬øIgualdad de g√©nero?
23,UCig8aKQHLt8E35_LJKwOscA,v1qJTmmN0z0,Vox defiende a gritos que &quot;la violencia no tiene g√©nero&quot; y que la ley de 2004 &quot;es puro hembrismo&quot;
24,UC93Ma0SxmdoWgUJUHr8Nf6g,ZuKPnqhjDEQ,üö´üò† CONSECUENCIAS de sufrir una DENUNCIA FALSA por VIOLENCIA de G√âNERO |üëâüë®‚Äçüíºüë©‚Äçüíº Expert Abogados üîç
25,UCKPJu4HMTiY3elhw9hEmMNw,MM6-Tr8VmAE,VIOLENCIA de GENERO y AYUDAS ECONOMICAS
26,UCQSLny1RMIQ0jTp0o8h0yPg,6K0wtyDl2u4,¬øEres la misma persona en redes sociales?
27,UC7QZIf0dta-XPXsp9Hv4dTw,GG4JDJYpLvk,ELECCIONES 23J: SANTIAGO ABASCAL promete DEROGAR la LEY de VIOLENCIA de G√âNERO | RTVE Noticias
28,UCQ2Fej5pr1ipVeBWTX8Sc_Q,sp-9ftIoYBQ,"Feij√≥o, sobre el candidato de Vox condenado por violencia machista: &quot;Tuvo un divorcio duro&quot;"
29,UCjL0MieykNqPrGPcPbEw0eQ,N1HfL5qkcI4,Estremecedor video sobre la violencia de g√©nero
30,UChgFx1rj1_XCuputSpSSeDA,1eukcg88-jU,Los ADOLESCENTES consideran que el FEMINISMO ACTUAL &quot;va contra la IGUALDAD&quot; | Ac2ality
31,UCqQJPK3wnKutQGKaOALX9Pg,ibN_nQDuWUE,Diferencia entre violencia de g√©nero y violencia dom√©stica - - ABOGADOS Castro In Law -
32,UCC_S0QQ-8veIIHZ7OdnOYMA,uqWUys5Kg_A,#NoEsAmor. El testimonio de Carla. Violencia de g√©nero entre adolescentes
33,UC6D6pRbdTJuFuCS6UKPs6HQ,PWX3_QrXRXc,ARTICULO DE OPINION SOBRE LA VIOLENCIA DE GENERO
34,UCWpBYQF-ZuL6FQ05OIL9Yzg,ZrFOC8GXXO4,PREGUNTANDO SOBRE MACHISMO PRIMERA PARTE | Feminismo 4.0
35,UCKJNeVvjAI25bHQUYFuNVwQ,AGmajzsEOjo,"Reflexionando sobre roles de g√©nero, machismo y feminismo."
36,UClLLRs_mFTsNT5U-DqTYAGg,XSLEuXR-lOQ,Seis minutos de broncas: el v√≠deo que resume el tenso clima pol√≠tico en Espa√±a
37,UCig8aKQHLt8E35_LJKwOscA,IGtQDo-Aw0k,Responde a Vox: &quot;¬øQui√©n es usted para decir aqu√≠ qui√©n es m√°s espa√±ol?&quot;
38,UCXsuVxRuRXQ8dRpwkzZmBug,aq30Mmawo3k,¬øQu√© es la violencia basada en g√©nero? - Proyecto ELLA
39,UCLDlYd6HYVh1DGPE0G3KINw,9c-oD4ofLcs,¬øQu√© sab√©s de la violencia de g√©nero?
40,UCba3hpU7EFBSk817y9qZkiA,DvII9fNFWAU,El duro discurso de Giorgia Meloni contra la ideolog√≠a de g√©nero
41,UCWpBYQF-ZuL6FQ05OIL9Yzg,SXSatQE4Fpk,FEMINISTAS RAZONANDO
42,UCShVBAbRLUBKQRQFYUFlpKw,0KdmgUqM0C0,¬øQu√© es violencia de g√©nero?
43,UCjPmpNv8YRCp8EKzEAFpSkw,u3wsGtoXfes,VOLVER A SER | Documental Violencia de G√©nero
44,UCkHR9m-tscD3ojD7_viIfTA,CmIc4nlubUY,La REALIDAD de la VIOLENCIA de G√âNERO con el DR. GAONA
45,UCQVdGjEx4Et4e91-UqccZXw,hH2yunqTOPE,¬øConoces los tipos de violencia contra la mujer? - Intro con Tere
46,UCkCYv06O4w0GOfdW2Ey8jvg,zFxNJwVNtHk,La violencia machista sigue azotando Espa√±a
47,UCZ_zyuKwlmW8mYvZ0-kWHPQ,qt2QRg1bD_s,"Luisa, 22 a√±os. Superviviente de violencia de g√©nero, Espa√±a (Fundaci√≥n Ana Bella)"
48,UCUsm-fannqOY02PNN67C0KA,BlXafWv5Nz8,¬øQu√© es el machismo? - Las Noticias
49,UCLDlYd6HYVh1DGPE0G3KINw,G7x9Fj0x1FY,¬øQu√© sab√©s de la violencia de g√©nero? (2)
50,UC7QZIf0dta-XPXsp9Hv4dTw,fN48ESWAa_g,"IRENE MONTERO: EDUCACI√ìN SEXUAL para la MINISTRA, PEDERASTIA para VOX y Cs que piden su CESE | RTVE"
51,UCWpBYQF-ZuL6FQ05OIL9Yzg,SXSatQE4Fpk,FEMINISTAS RAZONANDO
52,UCC_S0QQ-8veIIHZ7OdnOYMA,WbnxzVW6ngo,En la violencia de g√©nero no hay una sola v√≠ctima.
53,UCUsm-fannqOY02PNN67C0KA,BlXafWv5Nz8,¬øQu√© es el machismo? - Las Noticias
54,UCpS3kzmAp8D3Qi434B6rgqw,iMSSrzStP1E,Spot contra la violencia de g√©nero
55,UCQSLny1RMIQ0jTp0o8h0yPg,cojLhNcBdBU,Tu vida en las redes sociales tiene p√∫blico
56,UCeVPmwrx8ButRbLUwT6Me4g,llt2s1AFRAI,A DOMICILIO | CORTOMETRAJE VIOLENCIA DE G√âNERO
57,UCjPmpNv8YRCp8EKzEAFpSkw,u3wsGtoXfes,VOLVER A SER | Documental Violencia de G√©nero
58,UCnsvJeZO4RigQ898WdDNoBw,G53btd11z8w,ITALIA: ¬øEn qu√© se nota que gobierna la ultraderecha de Meloni? | EL PA√çS
59,UCIvqcSPbzQBynjq230v9_yw,2HbBqMmY8vo,VOX CRITICA a Ley de Violencia de G√©nero
60,UCh1OgMIWOlDBhFEYL3DHWjQ,xEi4WJVdzBM,La rotunda respuesta de una ni√±a trans a la intrusiva pregunta sobre sus genitales - El Intermedio
61,UC04q-yRx9osUzNQD0fUSOsQ,i57aPy5Jl3w,DiscriminacioÃÅn de  geÃÅnero
62,UCI6QcXatdaEAaRTRjl3dc0w,mDF0KQ1Gaqs,El acoso escolar contado por estudiantes
63,UCHssVr6Lx_f1PlQbZvDLf2A,,"El Granaino,criticas constructivas"
64,UCBg2ksNwht164otsChyMhRA,yt1uebqFlV4,Ciclo de la violencia contra las mujeres
65,UC6D6pRbdTJuFuCS6UKPs6HQ,PWX3_QrXRXc,ARTICULO DE OPINION SOBRE LA VIOLENCIA DE GENERO
66,UCKJNeVvjAI25bHQUYFuNVwQ,AGmajzsEOjo,"Reflexionando sobre roles de g√©nero, machismo y feminismo."
67,UC4FyvtPMnefH2VGrS2EsvjA,4uULilJ7vmI,consecuencias de denuncia por violencia familiar
68,UCqlsTzBv49Uiu8Z3IseVgQQ,4yOoRwKz0bk,Spot ganador del concurso contra la violencia de g√©nero
69,UCauNSMXhK-TRbICWfF1bAKA,aLDTy5VQOF0,La desigualdad de g√©nero no es un juego de ni√±os | ActitudFem
70,UC4m7qr2F_V6kTRU_A1x0rBw,G5KR0DJ2-Fs,"Moret√≥n, cortometraje mexicano contra la violencia de g√©nero"
71,UC7QZIf0dta-XPXsp9Hv4dTw,GG4JDJYpLvk,ELECCIONES 23J: SANTIAGO ABASCAL promete DEROGAR la LEY de VIOLENCIA de G√âNERO | RTVE Noticias
72,UC7QZIf0dta-XPXsp9Hv4dTw,GOaUfMNj6fQ,VIOLENCIA DE G√âNERO: Hablamos con las TRABAJADORAS del 016 que atienden a las V√çCTIMAS  | RTVE
73,UCs231K71Bnu5295_x0MB5Pg,RyqmAUBLlHM,"Campa√±a contra la violencia de g√©nero - L√≠nea 144 gratuita, las 24 horas."
74,UC1zLDoKL-eKmd_K7qkUZ-ow,vThzIpzH-L0,Campa√±a sobre la violencia contra la mujer: Circularidad - Canal Encuentro
75,UCh1OgMIWOlDBhFEYL3DHWjQ,njiq2BURliQ,"Violencia de G√©nero: &quot;Pero, ¬øy si presento una denuncia y me mata?&quot; - Polic√≠as en Acci√≥n"
76,UC7QZIf0dta-XPXsp9Hv4dTw,SfBrzTr0OXY,VIOLENCIA de G√âNERO: CRECE el N√öMERO de J√ìVENES que la considera un INVENTO IDEOL√ìGICO | RTVE
77,UCba3hpU7EFBSk817y9qZkiA,8jHTCfo3Swo,Roxana Kreimer vuelve a atacar al feminismo: &quot;El femicidio es un t√©rmino equivocado&quot;
78,UCba3hpU7EFBSk817y9qZkiA,DvII9fNFWAU,El duro discurso de Giorgia Meloni contra la ideolog√≠a de g√©nero
79,UCUS73_bjTYwBFAfXbvIjM8Q,MZOR1dZOz5k,"Abascal, a las diputadas de Podemos: &quot;Ustedes son mujeres, pero no representan a las mujeres&quot;"
80,UC7QZIf0dta-XPXsp9Hv4dTw,zVgqfMC-Ttg,VIOLENCIA MACHISTA: CRECE un 87% los CASOS en NI√ëAS Y ADOLESCENTES y un 39% la SEXUAL | RTVE
81,UC-XhfzJbjPpJcsCWuisSZcg,ITKVTwKjOAM,Campa√±a en contra de la Violencia hacia la Mujer #ViolenciaDisfrazadaDeAmor
82,UCm2Yf-T7wSiTNXdrd0Hc0gg,xfiQI9-VgmY,Prevenir Violencia de G√©nero y Maltrato infantil
83,UCGECWxMfMjN_6F5QkqO2PeQ,-llPnyTH7Vs,#AcortaLaDistanciaConLaViolenciaDeG√©nero D√≠a Internacional contra la violencia de G√©nero 2020
84,UCF4Xz1NiQo_N-_UQdLNtMUA,G1BxUFc6upE,Los ni√±os contra la violencia de g√©nero.
85,UCVLbarpn-filI_ofkOaUUGw,gYgyoOvHpfA,VIOLENCIA INTRAFAMILIAR ANIMADO -  A VIVIR SIN MIEDO
86,UCwlsia-o65GsQP1hWWMdNqA,nt-QCE9VmHU,Mitos sobre la violencia de g√©nero: la mujer fuerte.
87,UCpR7spJxkXzqAI9aBr7Xacw,BiH9CpDfY_k,Consecuencia de la violencia familiar en los ni√±os
88,UCWpBYQF-ZuL6FQ05OIL9Yzg,Xr6dIhdHk2E,8M ENTREVISTAS A FEMINISTAS EN EL 8M 2023
89,UC7QZIf0dta-XPXsp9Hv4dTw,_vJ5flQFMjU,"VIOLENCIA DE G√âNERO: AUMENTAN las DENUNCIAS, m√°s de 41.000 en el PRIMER TRIMESTRE de 2022 | RTVE"
90,UCvsU0EGXN7Su7MfNqcTGNHg,gVSOhoWe5Yk,¬øQu√© es la violencia de g√©nero?
91,UC8yc35JuqzaTwgJ43rr-bzA,IQjxslRQFgE,Campa√±a argentina sobre violencia contra las mujeres
92,UCE9T3T5nhw4HxIeQBxGKSyw,fDjEDQHujQc,¬øTe acuerdas? Lucha contra la violencia de g√©nero | RTVE Archivo
93,UCGXbLrVe8vnkiFv7q2vYv3w,0-05btfJ0yA,Una diputada de Vox ironiza en el Congreso: &quot;¬øMe est√°n mirando? Podr√≠a denunciarles por violaci√≥n&quot;
94,UC217P1KMYmWidMl0KnIU2qQ,W3uHA6bAqzA,Documental &quot;La Violencia Invisible&quot;
95,UCY-a_fIm1kA0WayuVsQEKIg,UHgU4tZdWko,Estereotipos de g√©nero.
96,UCQVdGjEx4Et4e91-UqccZXw,hH2yunqTOPE,¬øConoces los tipos de violencia contra la mujer? - Intro con Tere
97,UCGBPeovLa9XDW8HoXzGgBig,QOokC_Vo3eA,¬øQu√© pasa si pones un ni√±o frente a un ni√±a y le pides que la abofetee?
98,UCaD9AThpoLBVqpXsKUumKLQ,-WLqGBkZEjg,El video en el que una mujer &quot;ordena pizza&quot; al 911 para denunciar agresi√≥n
99,UCNYvpgRjhgvIqOJgQveHiLQ,xCEEKqcSFL0,Caperucita dice NO - #CambiaelCuento - Violencias machistas
100,UCGXbLrVe8vnkiFv7q2vYv3w,0-05btfJ0yA,Una diputada de Vox ironiza en el Congreso: &quot;¬øMe est√°n mirando? Podr√≠a denunciarles por violaci√≥n&quot;
101,UCY-a_fIm1kA0WayuVsQEKIg,UHgU4tZdWko,Estereotipos de g√©nero.
102,UCaD9AThpoLBVqpXsKUumKLQ,-WLqGBkZEjg,El video en el que una mujer &quot;ordena pizza&quot; al 911 para denunciar agresi√≥n
103,UCGBPeovLa9XDW8HoXzGgBig,QOokC_Vo3eA,¬øQu√© pasa si pones un ni√±o frente a un ni√±a y le pides que la abofetee?
104,UCNYvpgRjhgvIqOJgQveHiLQ,xCEEKqcSFL0,Caperucita dice NO - #CambiaelCuento - Violencias machistas
105,UCig8aKQHLt8E35_LJKwOscA,WVRKdakH6fw,¬øNo te ha pasado que...? - Micromachismos | eldiario.es
106,UCsT0YIqwnpJCM-mx7-gSA4Q,H1C-vG4yBMI,Revelando estereotipos que no nos representan | Yolanda Dom√≠nguez | TEDxMadrid
107,UC2pjscnJwXAJ4_7a9o1K84Q,A5vlp9ZT6dc,#25N | Violencia Basada en G√©nero | Parte I
108,UCytYUmapxI7a1A1uNhAXOqA,Ek7OUJ--iPU,¬øCu√°les son las violencias por motivos de g√©nero?
109,UCUP6qv-_EIL0hwTsJaKYnvw,QLVdKAhbbu8,Hombres tambi√©n sufren de violencia de g√©nero
110,UCchIbVeDYL2lP_thSxyiBKA,JJ2OHoiDcCA,ARTICULO DE OPINI√ìN: DEFINICI√ìN - ESTRUCTURA Y EJEMPLOS
111,UCV4VpXz_0IujThjnmGwzKbw,ub9rWnmiq_g,10 formas de violencia de g√©nero digital - #HaySalida - #Fuerzaenmivoz
112,UCGXbLrVe8vnkiFv7q2vYv3w,AYwc91H8C2w,Vox avisa de que quiere derogar la Ley de Violencia de G√©nero
113,UCBhLjMXAlWNrYJ_J27K4U_Q,eSD833AKJys,VIOLENCIA PSICOL√ìGICA HACIA EL HOMBRE
114,UCy18Akmk1KdewiaaCfkXJ_A,V-CyiFoULq8,Psiquiatra Marian Rojas Explica Que Es La Ideolog√≠a De Genero
115,UCh1OgMIWOlDBhFEYL3DHWjQ,wXj5nqCjsA8,As√≠ transcurre un taller de perspectiva de g√©nero y violencia de g√©nero - Salvados
116,UCnsvJeZO4RigQ898WdDNoBw,HLrwQWfTFUA,Cuando el FEMINISMO deja fuera a algunas mujeres
117,UCQE7_JIP5ZaPZ_F1emZ5UNg,lr2kiGpai5s,¬øQu√© es la VIOLENCIA DE G√âNERO?
118,UCBV6s81N1Kf_oWOr9cxF-lQ,X0qi4Pqeubk,Tarjeta de residencia para las v√≠ctimas de violencia de g√©nero. Abogado @isdelpablo
119,UCvYcECBT0hc4XY51vcBefwA,wAR0FI8D0Ws,¬øQu√© es violencia de g√©nero?
120,UCOxQk41rWFLWLPAPP_as6uA,I21FDXLAEKE,Eduardo Madina explica las diferencias entre la violencia intrafamiliar y la violencia machista
121,UCI6QcXatdaEAaRTRjl3dc0w,dEbx3FHEpmQ,La libertad y el respeto entre padres e hijos
122,UCytYUmapxI7a1A1uNhAXOqA,xCtYPUhdAC8,#ArgentinaSinViolencias: hablemos de estereotipos de g√©nero
123,UCzSz51ZH79cp5jvSkw_tJGA,Zl_GlPquElI,Guerra - Residente (Video Oficial)
124,UCVimQoXNCZuEnZRVAbuYMiw,uZ9lv50nMqw,"Carmen Calvo, a Espinosa de los Monteros: &quot;¬øLe recuerdo a las v√≠ctimas de violencia de g√©nero?"
125,UCfG9ytwBoMTwnmen5tZtzSQ,He60I5P30eU,VIOLENCIA DE GENERO 2021
126,UCL7udbASPvDYjFKqVKQ4YyQ,ZzDMpo47d-0,Violencia de G√©nero ¬øQu√© es? | Somos Sociales
127,UCGXbLrVe8vnkiFv7q2vYv3w,fkXY5DtfVdY,Una concejala de Podemos denuncia micromachismo por la temperatura del aire acondicionado
128,UC5wBKPL0deb29jm5oBbGZhw,LiqKLVTqIYM,TRIBUNAL CONSTITUCIONAL Y DETENIDOS POR VIOLENCIA DE G√âNERO: DERECHO A LA PRESUNCI√ìN DE INOCENCIA
129,UCrL1m_kbchupm59K5Iq6ojQ,pXWWBQPFDx0,Opinion - Hablando Sobre Violencia de Genero [Loquendo]
130,UCXsuVxRuRXQ8dRpwkzZmBug,n8T9SeBoUtg,Aprendamos sobre la prevenci√≥n de la violencia basada en g√©nero.
131,UC3ntXPTcHssQOHvnSTo0DLA,I3FuIJnPyIM,Campa√±a de prevenci√≥n de la violencia contra las mujeres 2022 #S√≠EsMiProblema
132,UCI505QHIvSgj8lbHY7ygE1A,mzfTlTv-2Po,Aitana - Ni Una M√°s (video oficial)
133,UCHtcfG7zqDdGZGGCV9kuG-A,c-Cm6ZZdrvE,Violencia de g√©nero: principios rectores (LO 1/2004)
134,UCJMrG1DCbxoCHaVxMcP_8Yg,hqiTx3Kfikc,üü¢ ¬øQU√â ES LA VIOLENCIA DE G√âNERO EN T√âRMINOS JUR√çDICOS? | Vilches Abogados
135,UCyoGb3SMlTlB8CLGVH4c8Rw,4vVd0X_wuQE,Superando la violencia de g√©nero: Espa√±a es ejemplo para otros pa√≠ses
136,UCUP6qv-_EIL0hwTsJaKYnvw,tcW69X2zvCw,Provocadores golpean a reporteros en marcha contra violencia de g√©nero
137,UCj6PcyLvpnIRT_2W_mwa9Aw,sGDfYrtlzwk,Violencia de g√©nero: Cuando el miedo esta en casa
138,UC1HCXi57K89vmLVOmHpEmNQ,xEvziODeqfk,&quot;Curar con Opini√≥n&quot;: Informe sobre Violencia Familiar - Parte I
139,UCK9vyUUCyZv98jhtiXDHGog,10craIfrC50,Prevenci√≥n de la Violencia Basada en G√©nero
140,UCwlsia-o65GsQP1hWWMdNqA,iwzhT-jMnh8,¬øPor queÃÅ hablamos de violencia de geÃÅnero?
141,UCyVW87H9j2pKGq8_sYhQY-Q,B4FUJP9wfR0,Entrevista a Claudia Allayme (V√≠ctima de Violencia de G√©nero)
142,UC32TdiIsh_5X8tKr_9rKQyA,ztI9eiGoSyA,Un muchacho sali√≥ a comprobar que los hombres tambi√©n son acosados
143,UClLLRs_mFTsNT5U-DqTYAGg,JI9Z6yiZ5p4,"‚ôÄÔ∏è ‚ÄúEscucha un momento, machito de turno‚Äù: la chirigota feminista de C√°diz"
144,UCX16cLWl6dCjlZMgUBxgGkA,gaSr2jUOFKc,¬øQu√© es la diversidad sexual?
145,UCEsqtq4czNXTQdtlf5qKlYA,aBDS4kMVeUU,Violencia de g√©nero: ¬øqu√© hacer?
146,UCplnq4vBorZeR7SL55yb8Lw,UBvVdP8-xtU,Se√±ales de que sufres violencia de pareja
147,UCLNZvDlwQJMaQg477NAxvjQ,zvDBL33BAK8,Pedro S√°nchez opina sobre la gesti√≥n en Igualdad - El Hormiguero
148,UCdSekwOUNK-epBdnWH1Jv6g,XKRS7Gu-j4M,¬øD√≥nde comienza la violencia de g√©nero?
149,UC7QZIf0dta-XPXsp9Hv4dTw,eDXf9_YY92c,El CONGRESO aprueba la LEY del &#39;SOLO S√ç ES S√ç&#39; a favor del CONSENTIMIENTO SEXUAL | RTVE Noticias
150,UCh1OgMIWOlDBhFEYL3DHWjQ,wXj5nqCjsA8,As√≠ transcurre un taller de perspectiva de g√©nero y violencia de g√©nero - Salvados
151,UC2pjscnJwXAJ4_7a9o1K84Q,A5vlp9ZT6dc,#25N | Violencia Basada en G√©nero | Parte I
152,UC7QZIf0dta-XPXsp9Hv4dTw,eDXf9_YY92c,El CONGRESO aprueba la LEY del &#39;SOLO S√ç ES S√ç&#39; a favor del CONSENTIMIENTO SEXUAL | RTVE Noticias
153,UCGXbLrVe8vnkiFv7q2vYv3w,fkXY5DtfVdY,Una concejala de Podemos denuncia micromachismo por la temperatura del aire acondicionado
154,UCOQb3ZDHjHMrvUBXBF6asfw,IPSB4DH7PBE,Redes sociales y la violencia de g√©nero 2.0 - Fundaci√≥n ANAR
155,UCyoGb3SMlTlB8CLGVH4c8Rw,4vVd0X_wuQE,Superando la violencia de g√©nero: Espa√±a es ejemplo para otros pa√≠ses
156,UC_5Sh9VhJlgCspl4mLM2duw,IS47qiD0egs,#NoM√°s ‚úã Violencia Contra la Mujer
157,UCBpTVdFKWHXY5KTxS7SQLjA,bsT_Xqy6Gyk,Violencia dom√©stica y Violencia de g√©nero: Diferencias
158,UClLLRs_mFTsNT5U-DqTYAGg,JI9Z6yiZ5p4,"‚ôÄÔ∏è ‚ÄúEscucha un momento, machito de turno‚Äù: la chirigota feminista de C√°diz"
159,UCX16cLWl6dCjlZMgUBxgGkA,gaSr2jUOFKc,¬øQu√© es la diversidad sexual?
160,UCrGqCf3_i_4JRh4V3DkaAyg,oaPJ6lgXxTQ,Especial referencia a la LO 1/2004: Concepto de violencia de g√©nero
161,UCrspXDsTGqrFI9C-k9azQew,Q9GKXpuZD-U,Espa√±a es #OrgullosamenteDiferente
162,UCSDLVU18_B695NFSU1TTZTg,Arg2jISmF0k,Testimonio de una mujer sobreviviente de violencia dom√©stica - Am√©rica TeV√©
163,UC1bIZdpBA2CvkCgIo-qsKAA,YBhh3CBQx_U,EQUIDAD E IGUALDAD - Sumar a todas y todos: la operaci√≥n con la que nadie pierde
164,UCsT0YIqwnpJCM-mx7-gSA4Q,WHZj4H1cm64,Los j√≥venes del siglo XXI. | Mar√≠a Amelia | TEDxParqueAhuehueteWomen
165,UCL7udbASPvDYjFKqVKQ4YyQ,ZzDMpo47d-0,Violencia de G√©nero ¬øQu√© es? | Somos Sociales
166,UC1KFgMi-KVzNKnvYIkFxqCg,6xNKff1TQdU,LO QUE LES VA A PASAR A LOS HOMBRES EN ESPA√ëA A PARTIR DE AHORA!
167,UCBV6s81N1Kf_oWOr9cxF-lQ,X0qi4Pqeubk,Tarjeta de residencia para las v√≠ctimas de violencia de g√©nero. Abogado @isdelpablo
168,UCDUxOvbwu1bnyD7AucP0ESw,2AEpBHyTZXM,El desgarrador testimonio de v√≠ctima de tr√°fico sexual | Al Rojo Vivo | Telemundo
169,UCqRCA6rWnLwcctTvkwHhEjg,fXBXOaLcMZg,El v√≠deo dan√©s que nos recuerda lo f√°cil que es encasillar a las personas
170,UCNCyJLU7vmf-j8aLhUh3cLQ,ApKLgiujVKQ,Spot 25N Violencia de genero
171,UCGrko-d0NCXlXxXPCEPEX4A,rcMAFwc1nBA,Testimonio violencia de g√©nero
172,UCIH51ss4JpKtGT1a41aqJvA,oSAlK-Fvhh4,¬øQu√© se entiende por Violencia Intrafamiliar en Chile? - Ley 20.066
173,UC2uv4PkEr-rMeO14aW7zsBg,vup8Y4eb0Vw,&quot;Violencia de G√©nero&quot; - Spot Publicitario
174,UCwlsia-o65GsQP1hWWMdNqA,12k3Kin8VgY,CoÃÅmo empezar a hablar de violencia de geÃÅnero
175,UC1HCXi57K89vmLVOmHpEmNQ,xEvziODeqfk,&quot;Curar con Opini√≥n&quot;: Informe sobre Violencia Familiar - Parte I
176,UCu6ph9jJMxCs6wsQh2djn6g,CH4Du6TOjB8,Acoso Callejero | Cambi√° El Trato
177,UCNCbtnOcQ1IJLyx_jRVU2cQ,rh3fmCCJZ8k,NUEVA INSTRUCCI√ìN DE EXTRANJER√çA para proteger a mujeres migrantes v√≠ctimas de violencia machista
178,UCrL1m_kbchupm59K5Iq6ojQ,pXWWBQPFDx0,Opinion - Hablando Sobre Violencia de Genero [Loquendo]
179,UC87dLIiv-q1S_D1YXej_Xtg,_h1BIPs9zQg,La DISCRIMINACI√ìN | TIPOS o CLASES de discriminaci√≥n | Explicaci√≥n y Ejemplos.
180,UCf_PS8-T1w_VT1Kz-9G0nHw,LjMCL6VmAA8,La teor√≠a de la estupidez de Bonhoeffer
181,UCzmd9Aj2wmPggWZJpLdBB8Q,52TeH4MLbMI,&quot;Casi todo lo que hace AMLO es sorprendente e in√©dito&quot;: Epigmenio
182,UCSubiPzn8m6S1ynD7duPuIg,OlMO6nvTSNQ,"Violencia Intrafamiliar | Tipos, Causas y Consecuencias"
183,UCUP6qv-_EIL0hwTsJaKYnvw,XKIAvg5kOfA,Violencia dom√©stica contra hombres no siempre es denunciada
184,UCUTCYZRgbOtO-LdrCcNBaUA,2YubpoIYlXk,Violencia de Genero
185,UC7QZIf0dta-XPXsp9Hv4dTw,5K6Zco6SYuY,"ELECCIONES 23J: DEBATE a TRES con los CANDIDATOS de PSOE, VOX y SUMAR | RTVE"
186,UC25teeGZxqTc6KX4kA2nPYg,j-1ujSZoic4,Hablar sobre violencia de g√©nero en espa√±ol y recursos para las v√≠ctimas en Espa√±a
187,UCLTG41K0fuQ-pq38yDTeIvg,4qhrZ6QJ0_E,"Las &quot;v√≠as de escape&quot; en la adolescencia, por Marian Rojas-Estap√© | Link al v√≠deo en la descripci√≥n"
188,UCjxeK_mixc2-AvWUSmqe1gg,mxm8PqXPFf8,¬øCu√°l es la joda con la ideolog√≠a de g√©nero?
189,UC84t25xqhPEPpGY7NBZJ_eA,R66P9lcXv5U,Santiago Abascal sobre adopci√≥n gay: &quot;Se prefiere que un ni√±o tenga padre y madre&quot; - El Hormiguero
190,UCJ64e2ntu3xHrA0togAmwDw,kc-MO09fe6Y,Violencia psicol√≥gica hacia el hombre
191,UC2a12jFPjSfMlzoHoC-WsGA,WFALr0T2NEs,TIPOS DE VIOLENCIA
192,UCBpTVdFKWHXY5KTxS7SQLjA,IFAOzpz9W3Y,Violencia de g√©nero: ¬øObjetivos cumplidos?
193,UCh2Fz2CvogRUda9tLMLDefQ,7vxNiCliDew,¬øQu√© es violencia intrafamiliar?
194,UCj6PcyLvpnIRT_2W_mwa9Aw,etic3chUBqI,El FUERTE CRUCE entre Javier Milei y Manuela Casta√±eira: ‚ÄúTu plan econ√≥mico es el de Videla‚Äù
195,UCiwy9Lx6h1Oi-UYwYDbgBZA,gxfFpT6dwbo,Cr√≠tica al FEMINI*SMO con ROBERTO VAQUERO
196,UCYGZ_lzylOREJTFJqpzs4JQ,UvBHtBzw664,¬øQu√© es la violencia de genero?
197,UCVZM1S-cJF_bYOHvoYuN6jQ,_TJTL6C98UY,Violencia de g√©nero. Ciclo de la violencia.
198,UC_dkgVvhcZlxqceYSCC-MNw,72Md_DypqRE,Ana Orantes relata los malos tratos sufridos durante 40 a√±os
199,UCnsvJeZO4RigQ898WdDNoBw,fT-ADxpxO6g,La pesadilla de denunciar la violencia contra las mujeres
200,UCQ2WxVCiIGoTNIGJVXDgpdw,Ck-0XGnxz2w,Rita Segato | Teor√≠a de g√©nero y violencia
201,UCh2Fz2CvogRUda9tLMLDefQ,7vxNiCliDew,¬øQu√© es violencia intrafamiliar?
202,UC7QZIf0dta-XPXsp9Hv4dTw,hdGWr8BGi_w,VOX impide que se lea una declaraci√≥n contra la VIOLENCIA de G√âNERO en el CONGRESO | RTVE
203,UCsT0YIqwnpJCM-mx7-gSA4Q,Oy1mChL33C4,La importancia de contar  la violencia machista | Ingrid Beck | TEDxBariloche
204,UC84t25xqhPEPpGY7NBZJ_eA,R66P9lcXv5U,Santiago Abascal sobre adopci√≥n gay: &quot;Se prefiere que un ni√±o tenga padre y madre&quot; - El Hormiguero
205,UCI6QcXatdaEAaRTRjl3dc0w,HOY0CSVAA4w,"Versi√≥n Completa. ¬øPara qu√© sirve la √©tica? Adela Cortina, fil√≥sofa"
206,UCWa969676TjI2OfhJ9miinQ,PwpN9I9_T-8,‚öñÔ∏è Violencia vicaria y maltrato infantilüíö COLATERALES üíö Documental completo ‚öñÔ∏è casos de filicidios.
207,UCOxQk41rWFLWLPAPP_as6uA,ua5kiiR5iwk,"√Ängels Barcel√≥: &quot;No, con la violencia machista no se juega ni se justifican pactos&quot;"
208,UCbItEsK1xs3EXTKn-lT_T1Q,Moz4tszhujU,Prevenci√≥n de Violencia Basada en G√©nero
209,UCzmd9Aj2wmPggWZJpLdBB8Q,52TeH4MLbMI,&quot;Casi todo lo que hace AMLO es sorprendente e in√©dito&quot;: Epigmenio
210,UC7kKUci4lTpIim4LHki10vA,WqNi2PXgBvw,Las consecuencias de la violencia de g√©nero en los menores | Ahora Extremadura
211,UCnsvJeZO4RigQ898WdDNoBw,qovmyAO1vJ8,Los malos quereres: cuatro supervivientes de violencia machista cuentan su historia
212,UC98xNCw0IbVamYucnjMdu5g,2ShpiXgBg5Q,Carlos Rivera - Grito de Guerra (Lyric Video)
213,UCJ64e2ntu3xHrA0togAmwDw,kc-MO09fe6Y,Violencia psicol√≥gica hacia el hombre
214,UCI6QcXatdaEAaRTRjl3dc0w,iubiKWrBcBM,"Versi√≥n Completa. C√≥mo aprender a amar en igualdad. Marina Marroqu√≠, educadora social"
215,UC7QZIf0dta-XPXsp9Hv4dTw,dd4E_30Oq-Y,25N: MILES de PERSONAS claman en ESPA√ëA contra la VIOLENCIA de G√âNERO | RTVE Noticias
216,UCx22dZymSzBKe9nuqYwHwtg,t4pFx-EjEBs,"Documental &quot;Silenciados, cuando los maltratados son ellos&quot;."
217,UCDE28iJSUImn-jZD8TjNQ5A,17HHl1bt64Q,¬øC√≥mo identificar una denuncia de violencia falsa de una mujer?
218,UCnsvJeZO4RigQ898WdDNoBw,qh7WNAG117w,Un pastor evang√©lico pisa una bandera LGTB en televisi√≥n
219,UCrspXDsTGqrFI9C-k9azQew,NVwWEPMQU1Q,Presentaci√≥n del estudio: La situaci√≥n de la violencia contra las mujeres en la adolescencia
220,UCDHzjbS06L_gYCcujqvHQtg,XplBrQ5J4SI,Test LO Medidas de Protecci√≥n Integral contra la Violencia de G√©nero
221,UClLLRs_mFTsNT5U-DqTYAGg,xoIili9FSCs,Carla: &quot;√âl controlaba hasta mi sonrisa. Pens√© que la violencia de g√©nero era cosa de adultos&quot;
222,UCTmmXhWPT8ftMBKz1SasZ6Q,9mH4I5HUK14,¬øQu√© es la perspectiva de g√©nero y para qu√© sirve?
223,UClBNXcY0EJq7llh6WRFGePg,845XnA2BFKo,La ley de la Violencia de G√©nero en Espa√±a explicada por la abogada Yobana Carril
224,UCMVNoR-l6986wNIHsajvHqw,ddLjiH75QlY,FEMINISTAS EXPLICAN POR QU√â DEBE EXISTIR EL MINISTERIO DE IGUALDAD üö∫üíú
225,UCWoYPasxb-a5WHhHo-1dibg,_S5wXjxwBoc,Violencia Intrafamiliar (Opini√≥n personal sobre el tema)
226,UCx3VFz3Be9UByowgR5303Pw,0g4F6GVn5KU,De pel√≠cula. violencia g√©nero maltrato
227,UCLTG41K0fuQ-pq38yDTeIvg,4qhrZ6QJ0_E,"Las &quot;v√≠as de escape&quot; en la adolescencia, por Marian Rojas-Estap√© | Link al v√≠deo en la descripci√≥n"
228,UCwObJDxDJlRyFIcyD-s7ISA,fi1FHKoVHKM,Marisa Rebollero Deschamps: ‚ÄúViolencia de g√©nero en la tercera edad: Las grandes olvidadas&quot;
229,UCh_chnQ7OJPQ8mZ7vbXFpIQ,186oFn50wgg,√âstas son algunas se√±ales de la Violencia de g√©nero
230,UClsy5S4ncWRJHlTyBBAdtQw,IRyUzAyhIYc,CONCEPTOS B√ÅSICOS SOBRE VIOLENCIA DE G√âNERO
231,UCo1zEN0d8lsrm1LV4n8eLVw,fIV5BQJrtNw,PAUTAS DE INTERVENCI√ìN Y PREVENCI√ìN DE LA VIOLENCIA FAMILIAR
232,UCnFbTasRH6gN8R4aZMZ69Ug,uiYmd25yMGM,"&quot;C√≥mplices del maltrato‚Äù, una campa√±a contra la violencia de g√©nero en Clubhouse"
233,UC8q-c4zLH3l6gGNhcPKm_Pw,JCuw8OyfPoQ,Contra la violencia de g√©nero... abre los ojos
234,UCv2BcgqxHSrl2QQfIkjR5Eg,z7zTEHHkX4Y,Eso no se pregunta: Personas mayores
235,UCqlsTzBv49Uiu8Z3IseVgQQ,TAIybxaoTsU,VIOLENCIA DE G√âNERO Y LENGUAJE | Las Claves | LAB
236,UCbwT-mmvZUEdqSAnKDQNo8g,VFpdD9TFbZA,La historia de las supervivientes de violencia de g√©nero de la Fundaci√≥n Ana Bella
237,UCj6PcyLvpnIRT_2W_mwa9Aw,etic3chUBqI,El FUERTE CRUCE entre Javier Milei y Manuela Casta√±eira: ‚ÄúTu plan econ√≥mico es el de Videla‚Äù
238,UClqo4ZAAZ01HQdCTlovCgkA,u5ivdg2P-Ug,Mon Laferte canta contra la violencia de g√©nero
239,UCQo54sFvE1AqJUMDsXOb4dw,0Ai8_SR8Ncw,#ActivaTuPoder para evitar el acoso escolar
240,UCBV6s81N1Kf_oWOr9cxF-lQ,4QBdwhlGQwI,üî¥‚öñÔ∏è ¬øViolencia de genero de mujeres a hombres? Abogado @isdelpablo
241,UCw6bKqcdYHdZWpgvJrjiVYA,jwxIxwRn9js,Juntas podemos parar con la violencia familiar
242,UC2T6NU6-JLWzAzaGdqvNyzA,mWxDpMbb0r4,Yobana Carrill: &#39;A Espa√±a le interesa tener denuncias de violencia de g√©nero&#39;
243,UCkZCoc42IipR1ucqJmIehsA,P3lzHFUjXj8,No a la violencia contra la mujer: Psic√≥logo Fernando Leiva opina
244,UCrdGjkqTZVMmAOk4YDjFV-w,ejxI2nFUgLQ,Ya en su d√≠a Alfonso Guerra explicaba las diferencias sobre la Ley de Violencia de G√©nero
245,UCMqPV2uig2qOVzF-itfPWeA,bn9vTFL-C9M,¬øQueÃÅ hay detraÃÅs de la IdeologiÃÅa de GeÃÅnero? | Dr. CeÃÅsar Vidal
246,UC7QZIf0dta-XPXsp9Hv4dTw,svAaHAX9mH4,EL XOKAS genera POL√âMICA al elogiar a quienes se aprovechan de MUJERES &quot;COLOCADAS&quot; | RTVE Noticias
247,UC5thq2fKitxEE7xPOYlCWIg,Kzm8syqZbms,La violencia S√ç depende del pa√≠s de origen ‚Ä¢ VIOLENCIA inmigrantes en ESPA√ëA ‚Ä¢ Opini√≥n ROMA GALLARDO
248,UCnsvJeZO4RigQ898WdDNoBw,9Yi49l3riGQ,Por qu√© hay que llamar VIOLENCIA MACHISTA a la violencia machista
249,UCXG8lVGNwUmXAtWEaCWWibA,zFuaHNTXlmQ,Encuesta: Opini√≥n de los andaluces sobre violencia machista (6/6/2013)
250,UCXG8lVGNwUmXAtWEaCWWibA,zFuaHNTXlmQ,Encuesta: Opini√≥n de los andaluces sobre violencia machista (6/6/2013)
251,UCba3hpU7EFBSk817y9qZkiA,j1IQVLs03_U,"Roxana Kreimer, dura contra el feminismo: &quot;Los varones sufren m√°s violencia que las mujeres&quot;"
252,UCTEwGq2iqJSGmFNbRudA22A,9ablici6K9M,Opini√≥n ley violencia genero
253,UCHKx3mCfKLtLOy2dw2TLmRQ,rTDIFHIjbA4,Violencia de G√©nero: Podcast #132 - Practica la Psicolog√≠a Positiva
254,UCI6QcXatdaEAaRTRjl3dc0w,wF1B0jVWhtw,"Versi√≥n Completa. Manual para crear relaciones sanas. Arun Mansukhani, psic√≥logo y sex√≥logo"
255,UCXDenzwzeXM1TNtTuWj8C4A,RZyK1ScwiMo,Una historia mundial de los derechos de las mujeres en 3 minutos
256,UChtLgH7ZJLqLGWJpBnzy9Lg,GcRMVkk0UWM,Dispositivos de emergencia contra la violencia de g√©nero
257,UCLTG41K0fuQ-pq38yDTeIvg,p19H4ZQa7P4,Webinar 01: Marina Marroqu√≠ nos habla de la violencia de g√©nero entre adolescentes
258,UCZxMH5f1GsSXv0s7EMqATTw,Gu6WjUhAmLw,Sobre Genero-2016 Espa√±a
259,UCcZL6nTQnRP9zrOJYoKvzaA,EsitS4dMtyE,&quot;El sexismo est√° en todas partes&quot;
260,UC_ITtg7Cis55T7KlTZMyV_Q,R_fsnFr-ujk,Tik Tok Violencia de G√©nero
261,UC5gSXz5bK-FHDZmhNEWx9kw,SrPOv4XosUw,Causas y consecuencias de la violencia contra la mujer en el √°mbito familiar
262,UC0K3hL1073sRlq2iym3c5Og,hSbKqsy9SII,Conferencia: Informe sobre la presencia de la Violencia de G√©nero en los informativos.
263,UC2SEk1w7DgoHs_G3w1biz-w,K3_mjEFxss0,&quot;En este momento me siento mujer&quot;: Hombre se niega a bajar de zona exclusiva del Metrob√∫s
264,UCJKjzEoy91UYS-bZLc4CLCQ,4IFMD-1mxDg,TREMENDO DEBATE: Agust√≠n Laje vs. 2 diputadas feministas dominicanas
265,UCUg5Nf0yiVxBINb3MKQPg-A,6MNWKymrwIk,Violencia dom√©stica
266,UCiwy9Lx6h1Oi-UYwYDbgBZA,oQ-CC_67wH0,DENUNCIAS FALSAS de violencia de g√©nero
267,UCVojM4Qspyn1j5e_3kD0lmw,tsoscbexYp4,CONFERENCIA &quot;CONOCE LOS TIPOS DE VIOLENCIA DE G√âNERO Y LOS ESPACIOS DONDE SE GENERA&quot;
268,UCvJS-YNyaWyOucx8bGrHVvw,sMkFrLvQR00,Un familiar de la v√≠ctima de la violaci√≥n m√∫ltiple de Manresa intenta agredir a los acusados
269,UCnYDs09Kh8mLuCPgcRBr-SQ,JuFv_cGidng,Documental sobre Violencia de G√©nero
270,UCHtcfG7zqDdGZGGCV9kuG-A,qkXMQiqilec,"Ley de igualdad: discriminaci√≥n directa e indirecta, acoso sexual y acoso por raz√≥n de sexo"
271,UChL57AmIi_nnFbe1HQb6OAA,2Ht8Z7xGbuc,Violencia familiar/intrafamiliar/dom√©stica VIDEO EXPLICATIVO
272,UCF5a0I-bxFT_Dt14hSoA_8A,n_5vaz1dehQ,&quot;NO&quot; (2018) - Cortometraje contra la violencia de g√©nero
273,UCG1zr0MYfH_Y6Ci2QeSgNuQ,rYfBR2ROsy8,La sombra del maltrato
274,UCXsuVxRuRXQ8dRpwkzZmBug,iR5xRlaExqM,¬øQu√© es la violencia de g√©nero?
275,UCHvQ9hX0O6cRIsh3TEpzf_Q,mvvqvOVjExo,COMO REDACTAR UNA DECLARACION DE ASILO
276,UCXDkCFBnfAOHN7d6UC_heFg,AqZdtYEGI_g,Judith Butler y la Performatividad de G√©nero - Filosof√≠a Actual
277,UCSN_TgIHA4YMuHffG2q5PbA,aWI6nR5td9g,Sprite - Las mujeres lloran por todo
278,UCI6QcXatdaEAaRTRjl3dc0w,AdB4O9Ssci8,"Versi√≥n Completa. ¬øQu√© da sentido a tu vida? Pilar Sordo, psic√≥loga y escritora"
279,UCYBi62DB1X2yIJ8dFON2eew,Uo6eWV-LQH0,VIOLENCIA DE GENERO
280,UCnsvJeZO4RigQ898WdDNoBw,y7O8Ad-9vek,S√°nchez nombra a Ayuso y Abascal en la reuni√≥n del PSOE: &quot;Espa√±a es mejor que todo eso&quot;
281,UCnsvJeZO4RigQ898WdDNoBw,OdgZVGTIYx8,Mujeres en Afganist√°n: ¬øC√≥mo ha cambiado su vida bajo el r√©gimen talib√°n? | EL PA√çS
282,UCShVBAbRLUBKQRQFYUFlpKw,aL3tZDljq4Y,¬øQu√© es la violencia de g√©nero?
283,UCTS_hF6ho1Vsjz7266Qik2w,tIn4m5Tb8KA,Corto sobre Bullying y acoso en las aulas: &quot;No Juegues Conmigo&quot;
284,UC7597Jb6AgnkHLpGSuD58lQ,fjfiyDM99lM,Violencia intrafamiliar y de g√©nero: Ley sobre violencia intrafamiliar - 7/7
285,UCtL_e_TbaHj7TvXI6P_Z3Ow,ISPQA4gke0I,üî¥ RESPONDO A IRENE MONTERO y al MINISTERIO DE IGUALDAD | Xokas
286,UC1UJa1rpNnnapbks0uB6ZqA,ped-Vde_xwI,Cortometraje - No entiendo ¬øPor qu√©?
287,UC6PhUJ_T0SE_lxPgn2VH-yw,wJsu3fpsSbw,VIOLENCIA CONTRA LA MUJER V√çDEO REFLEXIVO/ VIOLENCIA DE GENERO/ V√çDEO EDUCATIVO
288,UC1HCXi57K89vmLVOmHpEmNQ,kG79KMFvM6Q,&quot;Curar con Opini√≥n&quot;: Informe sobre Violencia Familiar - Parte III
289,UCh_chnQ7OJPQ8mZ7vbXFpIQ,2XeMelTTtLg,Concentraciones contra la violencia de g√©nero tras el crimen de Oroso (A Coru√±a)
290,UC2SEk1w7DgoHs_G3w1biz-w,OjTbJUVWu8E,Taxista denuncia acoso de pasajera; video se vuelve viral
291,UCI6QcXatdaEAaRTRjl3dc0w,Ey4zFttyy2M,"Tres formas de hablar con tus hijos adolescentes. Antonio R√≠os, m√©dico psicoterapeuta"
292,UCERXOOGdHVHYoOEHOuLPszg,SxPP8b9MlLw,EL DEBATE | ¬øQu√© es un debate? | Para ni√±os
293,UCQcjDEVrrnRCgx99035ADtw,eEbYwqRyf-k,El emocionante pasodoble de &quot;La ciudad invisible&quot; de Mart√≠nez Ares contra la violencia de g√©nero
294,UCI6QcXatdaEAaRTRjl3dc0w,LtMQDPAnauE,Victor K√ºppers: Por qu√© es tan importante aprender a escuchar
295,UCjPmpNv8YRCp8EKzEAFpSkw,1LypuAaedn0,VIOLENCIA DE G√âNERO
296,UCWSZJ4r3s5xk8zICXEveFpg,NYM3tBf9Euw,Rafa Nadal: ‚ÄúQu√© m√°s quiero yo que el hombre y la mujer sean exactamente iguales‚Äù
297,UCGE587FgcaFRKfhUzlKt58w,ZF1_bzDFuzE,tik tok violencia de g√©nero.
298,UCIUrynowhfFyDi_O72vothw,OKNJjdTpjDY,Violencia de g√©nero a nivel mundial
299,UCX16cLWl6dCjlZMgUBxgGkA,6kvozwOVSfM,¬øQu√© significa ser una persona trans?
300,UCrdGjkqTZVMmAOk4YDjFV-w,MHFWApnnzao,Pablo Motos y la pregunta colosal a Pedro S√°nchez que desmonta sus pol√≠ticas de falso feminismo
301,UCAVnMMAcnwZ67RS6SQtvPOA,hBziDZ4flnc,"&#39;Corridos tumbados&#39;, historias de violencia en un g√©nero que mezcla m√∫sica regional con urbana"
302,UClXDv-cnBCJfdUCDq4qSDww,yn-R30kaHAs,Diferencia entre SOCIALISMO y COMUNISMO - Explicada para principiantes!
303,UChmLIRBQh3-bRJp3d6Dnnog,X6mmqGuen9s,La ESCLAVITUD ‚õì | Draw My Life en Espa√±ol
304,UCo9lMnVoynSNF_2KGwCfeCg,pJvJo1mxVAE,Inspirando al futuro sin estereotipos
305,UCI6QcXatdaEAaRTRjl3dc0w,es0Yp86iFBg,"V. Completa. &quot;El problema no es desamor, sino el miedo a la soledad&quot; Silvia Olmedo, psic√≥loga"
306,UCKiMaU1EYK0W5vGoIwTdwZA,ncB6aYzhAko,CASOS DE VIOLENCIA G√âNERO EN EL F√öTBOL ARGENTINO
307,UCysJ4aAU2PY5Y5vbAy5VUXg,FwgeiavmoiI,C√ìMO HACER UN ENSAYO EN 3 PASOS ‚úÖ ¬°m√°s f√°cil que nunca! üòé. edutuber
308,UCR9120YBAqMfntqgRTKmkjQ,EqYBKFTIzuI,&quot;El feminismo no ha salvado a las mujeres&quot; Agust√≠n Laje en #VivianaConVos 25 03 2022
309,UC32TdiIsh_5X8tKr_9rKQyA,ePcNSchK1QY,Consejos de un experto para ganar un debate
310,UCHssVr6Lx_f1PlQbZvDLf2A,JEA7B-JWM_Y,viral.Que es en espa√±a la igualdad de genero?
311,UCPPg9X1zjAmcZNHs2-oahDw,HsFY97tFHVQ,Violencia de g√©nero en lectura f√°cil
312,UC38i3EyAQYHQDYlcUzRqaAQ,IS3yTxP6EEk,C√≥mo redactar un TEXTO ARGUMENTATIVO de manera f√°cil | Consejos para leer y escribir mejor
313,UCszBPa0AyP2aL-81wdvs_gg,tDFIqj20y7o,Una reflexi√≥n sobre las violencias basadas en g√©nero y sexuales
314,UCfiFljCpYqirYMQTju7glfg,nh0iM85B6Ic,Invencible - Cortometraje sobre la violencia familiar
315,UCUS73_bjTYwBFAfXbvIjM8Q,7J_JcJXOww0,La ins√≥lita respuesta de Irene Montero para explicar cu√°l es la utilidad del Ministerio de Igualdad
316,UClgevvAYKcfuthTWppKT0IQ,F5tsjJgwOos,¬°Top 10 PEORES Canciones MACHISTAS en Espa√±ol!
317,UCVN6pJ_dOxO2xyqaxgy3fLQ,CAbZGHAfwv0,Daniel Alarc√≥n - Cr√≠tica al concepto de &quot;g√©nero (sexual)&quot; desde el Materialismo Filos√≥fico - EFO267
318,UCQcHbgkN5-aG9AhkctJXFUw,SBLiBLb23ZA,LO INCORRECTO - Una nueva mirada hacia la discapacidad
319,UC3vDuKX_LFw1W3lSqhNvdiQ,lWhxknznCjE,Las noticias de las 20 | Semana negra de la violencia machista
320,UCy2Zys3G0c82FdgKpKObEXA,GHfVs7_Tpm8,Violencia de g√©nero (Foro Mundial Sobre Violencias Urbanas - Madrid)
321,UCT4Jg8h03dD0iN3Pb5L0PMA,EzDzc33cA3Q,Antisemitismo: ¬øpor qu√© no cesa?
322,UCh1OgMIWOlDBhFEYL3DHWjQ,ATmhmNo4VrE,Una doctora explica en qu√© consiste la violencia obst√©trica - El Intermedio
323,UCLQ_nKWGS3E20WUFQ3AFNJA,1awR4a3Hpaw,EL HOMBRE EN LOS JUZGADOS DE VIOLENCIA DE GENERO  SBL  95
324,UCNxFBlUBOaI3iQW37T3hFww,ToWDyjZpI9E,"&#39;Violencia de g√©nero, an√°lisis y propuestas&#39;"
325,UCI6QcXatdaEAaRTRjl3dc0w,Qes1RMK9a50,"Versi√≥n Completa. &quot;Ser una persona sana empieza por conocerse&quot;. Elizabeth Clap√©s, psic√≥loga"
326,UCnhbmEvWJtt97ySeaQtj7eQ,xRGmZ99clCg,"Violencia de g√©nero, la valoraci√≥n del riesgo"
327,UCQ-M8dtAaqyZNj0zuMf2c6g,aLMPXvqjIHo,GLORIA JIMENEZ DESIGUALDAD Y VIOLENCIA DE GENERO
328,UChtLgH7ZJLqLGWJpBnzy9Lg,7Tr2POCaQ_4,Especial D√≠a Internacional contra la Violencia de G√©nero
329,UC6chdAXVOuGQGXpXG2hFMHg,VLLyzqkH6cs,Vivir Quintana - Canci√≥n sin miedo ft. El Palomar
330,UC6awebmNxJRT3gIMJcQgXjw,iVBfkXL5UPw,D√≠a contra la Violencia de G√©nero.
331,UC8Vs-1laAW9wYTcF5pFosbg,1wCS_ncY-Xw,¬øC√≥mo salir de una situaci√≥n de violencia intrafamiliar? ‚îÇPodcast Desansiedad
332,UCh1OgMIWOlDBhFEYL3DHWjQ,nXRHx42bfy0,El papa Francisco explica por qu√© la Iglesia silenci√≥ los abusos sexuales - Salvados
333,UCQLRf_oCuWb84zh-qkDu5Ow,7mrl66feF60,Rosal√≠a rechaza la violencia contra la mujer por pol√©micas fotos | El Diario
334,UCGGRLs6AYK9RnlQIaFCmQDg,XMufI03Hk4M,El abuso sexual infantil es un delito y no denunciarlo te hace c√≥mplice. Llama al 9-1-1
335,UClgevvAYKcfuthTWppKT0IQ,QsimVnyS13s,¬°Top 10 Veces que la Doctora Polo SE ENFURECI√ì en Caso Cerrado!
336,UCHc3el42hXKKhjs_1vzWk9A,GOsAtKK8z0E,Maria Becerra revel√≥ que fue v√≠ctima de abuso- Podemos Hablar 2021
337,UCaTHgUIMj_29E04iN4MLobg,BVfeSH1A0aY,Video Violencia de Genero
338,UCRwA1NUcUnwsly35ikGhp0A,LZXKcycf9pI,Pol√©mica por periodista que pronuncia correctamente nombres en espa√±ol | Noticias Telemundo
339,UCxvyhTVufyLUvUdBrAKxkWA,eIH01urmH1A,Toni Cant√≥ (UPyD): &quot;Esta ley de violencia de g√©nero no protege a las v√≠ctimas&quot;
340,UCeTZQDiA-R-QM0Vt2b9bsrA,mILXZVlBF4s,ASI ES LA VIDA DE UNA MUJER VICTIMA DE VIOLENCIA DE GENERO EN ESPA√ëA
341,UCJzddd7o9Umz3KUSA86MEtQ,fSz4Va4a6Og,El ni√±o que no para de hablar en clase
342,UCYnMT8rirp5aKOufiwkXEAw,VVLJH04B9Yo,"Kany Garc√≠a, Mon Laferte - Se Portaba Mal (Audio)"
343,UCji-JFomdTrb-erN3_xNLhw,hAtMiUji5gE,Mi historia de abuso
344,UCEw4oyJKvmYPoIpSa8cfr7A,oQF4rcX_E0o,"Only Fans, ¬ømercantiliza o libera a la mujer? | Gen Playz"
345,UCCVQQz9B3hmp5bO5i73mBKA,hhPjArjaZRo,-Violencia En Las Mujeres- (Perspectiva de Genero)
346,UC6DfPXAWenJUx9e2E1SG4kw,2awt1h5GBpo,Violencia de G√©nero que infringe los Derechos Humanos m√°s b√°sicos
347,UCO9xgj94KB62c8UEi86ZxKQ,nwcsPWPjexI,"¬°LEY COMPLETA! üìñ Ley Org√°nica 1/2004, contra la Violencia de G√©nero üìñ - üéß Audiolibro üéß"
348,UCnsvJeZO4RigQ898WdDNoBw,UYtn-jRQD7s,EXTREMADURA: Mar√≠a Guardiola (PP) no negociar√° con quienes niegan la violencia machista | EL PA√çS
349,UCE_ZHUVha19wtfzsNgBrCYg,Uw7p1Vzo24g,LA PERSPECTIVA DE G√âNERO
350,UC1zLDoKL-eKmd_K7qkUZ-ow,J3RWAWLxOuw,D√≠a Internacional de las Mujeres: Violencia de g√©nero - Canal Encuentro HD
351,UCUuz6St4vW2uw67ifsZE9Qg,ttuh-9KYbdY,Este polic√≠a PREDICE una OLA de CRIMEN en Espa√±a üö® Samuel V√°zquez
352,UCI6QcXatdaEAaRTRjl3dc0w,v4KplEgXI9c,"¬øC√≥mo funciona el cerebro de un adolescente? David Bueno, bi√≥logo y genetista"
353,UCO9xgj94KB62c8UEi86ZxKQ,nwcsPWPjexI,"¬°LEY COMPLETA! üìñ Ley Org√°nica 1/2004, contra la Violencia de G√©nero üìñ - üéß Audiolibro üéß"
354,UChmLIRBQh3-bRJp3d6Dnnog,xMKv5-8MVpE,La REVOLUCI√ìN FRANCESA | Draw My Life
355,UCUt4q3NerT42ajYtGtJI0sg,YNrhOgEhPUA,Violencia Emocional
356,UCBWF6OT9sHQU0rnMmUPdmyA,fpkn6Eagl58,"La GLOBALIZACI√ìN - Resumen | La Globalizaci√≥n Econ√≥mica, Pol√≠tica y Cultural."
357,UCpB32gqiBut2XPqKLqWU6vw,Ds3GP7ypzes,Ciberbullying: Reflexionar para ser responsables
358,UCw6bKqcdYHdZWpgvJrjiVYA,x0PjNiSQm3g,Conoce los tipos de Bullying
359,UCSpcg7iEuTCeoDB48Oz3HVg,_ljLOYkgFPU,Rozal√©n - Agarrarte a la Vida (Video Oficial)
360,UCLNZvDlwQJMaQg477NAxvjQ,tacYeptZzJ8,Los Ni√±os Sin Prejuicios - Experimento Social [El Hormiguero]
361,UCv05qOuJ6Igbe-EyQibJgwQ,yj9N9DTtdas,La Guerra Civil espa√±ola
362,UCsT0YIqwnpJCM-mx7-gSA4Q,Ai0sNbaMEaQ,Amor propio. | Sofia Castro | TEDxParqueAhuehueteWomen
363,UCZ1SEglncZ8j3v7gygwH_gg,s_1EhHp69Vc,Esta mujer sufre violencia de g√©nero ¬øpodr√° ayudarla el cham√°n? #novelas
364,UC217P1KMYmWidMl0KnIU2qQ,o7t0Eiv7efs,Ana Bella -  Iniciativas contra la violencia de g√©nero
365,UCv05qOuJ6Igbe-EyQibJgwQ,EXijvhBQ-u8,La Guerra Fr√≠a en 7 minutos
366,UCOwVQjNsBYt64BHIx0U2H1Q,hZCfJ9hi3_s,An√°lisis cr√≠tico de pol√≠ticas p√∫blicas e institucionales contra la violencia de g√©nero.
367,UClS-aIp5uYXQ3SeqPL_5r9w,uqhMkgu8aQs,¬øQu√© es el cortisol? | Marian Rojas Estap√©
368,UCNSnbYMrsV65y5biRj1KtJQ,XnuuvDT2xxY,Diego Torres - Iguales (Official Video)
369,UC_u0e_16erqBDHdJ9v2hvlQ,-dx_YdzOOnU,"8 de Marzo - La desigualdad de g√©nero no es una opini√≥n, es una realidad"
370,UCrcYWzHrg55foUj7nVB6b2w,p43xP7STtSM,NO SE PUEDE DECIR NADA
371,UClLLRs_mFTsNT5U-DqTYAGg,Iu1jlxf4pKA,MUTILACI√ìN GENITAL FEMENINA: ¬øDe qu√© se trata?
372,UCRwA1NUcUnwsly35ikGhp0A,66EgVz1com4,El apasionado discurso de un ni√±o mexicano contra la corrupci√≥n | Noticias | Noticias Telemundo
373,UCv05qOuJ6Igbe-EyQibJgwQ,AYQ8hT8cVTE,La Segunda Guerra Mundial en 17 minutos
374,UCsT0YIqwnpJCM-mx7-gSA4Q,zRj5M-MDzzo,Dependencia emocional. | Arun Mansukhani | TEDxMalagueta
375,UCKfhbaLZ5oshH19ClhGS1WQ,IfMToir0jp0,¬øQu√© es la VIOLENCIA DE G√âNERO?
376,UC84t25xqhPEPpGY7NBZJ_eA,6Kb7TrZ13IA,Santiago Abascal explica la raz√≥n de su licencia de armas - El Hormiguero 3.0
377,UCuSvPV7978JOwYKa9r-sqCw,F2-kthSQ21M,DERRIBANDO MITOS SOBRE VIOLENCIA DE G√âNERO
378,UCxq1CamycOj4QmBcQ2HG5_A,HrI6dSbUeGY,"La triste historia de Karol G: &quot;√âl me maltrataba, ten√≠a mucho miedo&quot; üò±"
379,UCDUxOvbwu1bnyD7AucP0ESw,iEgWn6cZ9JY,Env√≠an mujer a una c√°rcel de hombres y fue abusada hasta por oficiales | Al Rojo Vivo | Telemundo
380,UCHc3el42hXKKhjs_1vzWk9A,4daRh9ValwY,¬øQu√© es la Diversidad Cultural?
381,UC5UmUl_c3sJOTDc9LVMym9Q,ZgnL8-49AeQ,Micro documental - Violencia de genero
382,UC3WbU2sRRmbY-6KxsMEj7lw,k5Aoi3YVCks,Qu√© preguntas tiene que hacer un psic√≥logo en terapia de pareja
383,UCGF6kjYMAlDut6JmhJXWpsA,7-J3I0QEWFo,Al derecho y al rev√©s: ¬øC√≥mo se sanciona la violencia contra la mujer?
384,UCuii7IpHfjmQs-1xbN01MMw,FWBseVEH_Ts,VIDEOJUEGO EDUCATIVO CONTRA LA VIOLENCIA DE G√âNERO - DIANA FRENTE AL ESPEJO  üéÆ
385,UC3NUgxBBl05tthfGBS6kPkA,i2iotJudB-g,Pol√©mica en Espa√±a por determinar si los gallos violan o no a las gallinas
386,UCT-lMNDlB0oOdIHgmh8jOlw,AfjKrRnNoxk,El EXPERIMENTO SOCIAL de Naked Heart Foundation del que TODO EL MUNDO HABLA (subtitulado en espa√±ol)
387,UC66UiuqOE5Sy0sR3OX6qO3g,1R5SlJGlLX8,Karen M√©ndez - Si alg√∫n d√≠a me toca a m√≠
388,UCwSBONTRRPK4778jsnb7Xnw,FgoLv5POuoA,Carmen Delgado √Ålvarez. Violencia contra las mujeres: m√∫ltiples formas y una misma ra√≠z.
389,UCuzGiU0U7fwNC_G3LBESN8Q,iMRrphQDlDw,Discurso de ni√±a ind√≠gena en la @ieepcnlmx  Natalia L√≥pez L√≥pez | Versi√≥n Completa
390,UCsT0YIqwnpJCM-mx7-gSA4Q,HsowSxacxxw,¬øC√≥mo las palabras pueden transformar el mundo? | Paula Salerno | TEDxCONICETRosario
391,UCT4Jg8h03dD0iN3Pb5L0PMA,c2E-GHhzrVo,In√©dita escalada de violencia en la Franja de Gaza
392,UCgsG_xGw8TCxL2LvwJ5K1jQ,IXKloVaGbhg,ROSA CARAMELO Cuentos sobre la IGUALDAD DE GENERO para ni√±os
393,UC2SEk1w7DgoHs_G3w1biz-w,nlBDX5BU090,"Influencer es captado cuando empuja a su esposa; ‚ÄúNo s√© manejar mis emociones‚Äù, dice"
394,UCZBSSuYyn7LxQufM8vAjnOg,eZvU39Pjsjs,Episodio 01 - Violencia de G√©nero contra Mujeres Mayores
395,UCJRTnxK50gRNw7DCm09T-yg,aHRkFVq0Q2M,TEXTOS ARGUMENTATIVOS para ni√±os  üëçüë©‚Äçüè´ PRIMARIA
396,UC3SnnPcq33tIcoo5rDfprOA,DloBUepOY1I,üî¥ ... ¬°A PUNTO DE ESTALLAR!
397,UC32TdiIsh_5X8tKr_9rKQyA,dmKk7FtjXiQ,"Alfredo Gallegos, el padre pistolas"
398,UCzbfz5VaUDDXlOWlROjnznw,PRN8vaWuf5E,2010: Leganes habla alto y claro contra la violencia de g√©nero
399,UCvvWGe6qnO-7LxnH3sPKMIg,hZmGPQOlHys,VIOLENCIA DE G√âNERO De Meer y Nevado defienden en solitario la igualdad de los espa√±oles ante la ley
400,UCnZy-XRcW6ggpIVl8zPLx3g,YeVZNBHNO4I,¬°No toleres la violencia!
401,UCOAWOfEzQWelgJCihsRmqBg,JdWKtKNSVic,Din√°mica 38 | Lo Importante Que Eres | ParaLideres.org
402,UCnsvJeZO4RigQ898WdDNoBw,QkLIy0Iz3no,La secretaria de Estado de Igualdad bromea sobre la reducci√≥n de penas | EL PA√çS
403,UCyVHAc2m6KPrRQduMbpxeag,3MmjMUBJUu0,"SOR JUANA INES DE LA CRUZ üìú SOCIEDAD, ESTETICA Y VIOLENCIA DE G√âNERO"
404,UCWpBYQF-ZuL6FQ05OIL9Yzg,C8Ql_ZLGZb4,ME CAMBIO DE G√âNERO
405,UCwsmno9lFig7utTBULYxmoQ,BdCA-JiuikM,Final VI Torneo Escolar de Debate   Comunidad de Madrid 2015
406,UCYI_ychRnL7sJrG6PUSBpQA,GC-4u8FPN0E,Un curr√≠culo de educaci√≥n sexual en Canad√° atemoriza a padres de familia conservadores
407,UCnWp4iverRbEuuLHQ8pj9ZQ,IAyFEkQQm8o,MASTERCLASS TEMA 21 PROTECCI√ìN INTEGRAL CONTRA LA VIOLENCIA DE G√âNERO-INGRESO GUARDIA CIVIL
408,UCPH3Oz99Y_jrVBCQMjQZNSg,XLYB-GRE6Fk,"‚úÖ La CONQUISTA y COLONIZACI√ìN espa√±ola de AM√âRICA | Historia, mitos, verdades, leyenda negra..."
409,UC0K3hL1073sRlq2iym3c5Og,YZ533RO8naA,El impacto de la Violencia de G√©nero en Menores (1 de 3)
410,UCI6QcXatdaEAaRTRjl3dc0w,mmFlsSrcxP8,"V. Completa. Ayuda, ¬°tengo un hijo adolescente! Antonio R√≠os, m√©dico psicoterapeuta"
411,UCUdOoVWuWmgo1wByzcsyKDQ,uyBUW2emzeM,Nayib Bukele cumple tres a√±os como presidente de El Salvador con 91% de aprobaci√≥n ciudadana
412,UCI5lS4uaXOvmUPxN9kilYtA,8cb1NJ8Njr8,Escohotado y la VioGen (Ley de Violencia de G√©nero):  ZAPATERO TIENE QUE ESTAR EN LA C√ÅRCEL
413,UCYM_3whsPYYOfP92Z2yld0A,Mp-8gRAWWqI,"&quot;Bullying&quot;, cortometraje ganador del Primer Concurso sobre Violencia Escolar"
414,UCBdq2IZdl8bp1OOg5BNawuQ,H0qeKxU662s,EL VIRREINATO DE NUEVA ESPA√ëA
415,UCV9CRJGumWKs5yAALnS80LQ,YAT_KSLZuAU,Cortos contra la violencia de genero
416,UCGbofRROopWrumVob5w61OA,QMdXYE3kso8,Sobrepasando el l√≠mite ü§∞üèΩüíäü•µ | Caso Cerrado | Telemundo
417,UCBd03bUxkyqBLICM7RDlWSQ,apvu9FrWShc,#11 ‚ö†Ô∏è COMO ACTUAR ANTE VECINOS CONFLICTIVOS ‚ö†Ô∏è RUIDOS molestos y actividades NO permitidas üò§
418,UC-sniHyibZCxtK2s3wJzJFg,gZ_9E9su-cA,Spot | A ti te importa
419,UCj9ai25hsStU1pNKMuC1Y1g,vmXPvyhWekI,Pel√≠cula completa en espa√±ol MALAS COMPA√ëIAS (Violencia de Genero)
420,UCI6QcXatdaEAaRTRjl3dc0w,PYp582OObNM,"Versi√≥n Completa. Claves para evitar la dependencia emocional. Silvia Congost, psic√≥loga"
421,UCI6QcXatdaEAaRTRjl3dc0w,lVHRst02Ksk,"‚ÄòAyudar en casa‚Äô no es suficiente, hay que compartir la carga mental. Alberto Soler, psic√≥logo"
422,UCOPlWBo-EMBQ4dAsR649ZzA,bl5WrI78VhU,La violencia no tiene g√©nero: 25 noviembre 2020
423,UCrspXDsTGqrFI9C-k9azQew,ZsVWRpExdGw,#ElHombreSeHace | &quot;El hombre blandengue&quot; Una entrevista a &quot;El Fary&quot; en 1984 (43&#39;&#39;)
424,UC1KFgMi-KVzNKnvYIkFxqCg,FPSqz3bs9Ss,ABOGADA EXPLICA LA LEY &quot;SOLO SI ES S√ç&quot; F√ÅCIL DE ENTENDER PARA HEMBRISTAS Y MACHIRULOS.
425,UCQcHbgkN5-aG9AhkctJXFUw,QENxnvdouB8,"UN D√çA NORMAL - Inserci√≥n laboral, discapacidad y sus t√≥picos."
426,UCGYhX4C9fypnlShlPhZfiWw,8MK5lm3WAOk,La Violencia de Genero
427,UCI6QcXatdaEAaRTRjl3dc0w,ut9ITixue1o,"C√≥mo resolver los conflictos con tus hijos. Pilar de la Torre, psic√≥loga"
428,UCGbofRROopWrumVob5w61OA,Ci9bMSUTqdg,Caso Cerrado | ¬°Si me dejas te mato! üßèüèªüë±üèº‚Äç‚ôÇÔ∏è
429,UC1Pfjg_XafZk5NfKo2fVBHA,IJNZvDT0HQM,"Gustavo Bueno. Feminismo, g√©nero y posmodernidad"
430,UC3-9AvWauLtMQY7nyoOVJwQ,BuuyajcjFC4,#EXPLICAMOS‚Ñ¢ EL CONSENTIMIENTO (Blue Seat Studios) #videoexplicativo
431,UC5PIaQ7_bBHrdeZZsCYaExA,XdkxqS79X_U,Qu√© ver: &quot;Fugitiva&quot; serie que une a mexicanos y espa√±oles. (reviews/rese√±a)
432,UCo1fU3ymevQZ3gvKShb6Qtg,7eeVEhKt7rM,Vanesa Mart√≠n - Soy (Por ellas 2021 C100) (Lyric Video Oficial)
433,UCnKlfDXaVP-6uIACOJeVPfw,xU_Nn_ArxDw,üé§ La NOTICIA y sus PARTES para NI√ëOS de PRIMARIA
434,UCmYP-OppYl5fsjCrR1KZrcg,5AmmOBf8YTs,XVIII SEMINARIO INTERNACIONAL CONTRA LA VIOLENCIA DE GENERO - CONFERENCIA IN√âS NOVELLA ABRIL
435,UCk8SEhH_q8b5-9mkXpXc5aw,V1wKXCHwzV0,ESPEJOS - 25N Violencia de g√©nero Arakerando
436,UC4J6Sw1sPs_6BMOjwuZD3cA,NVGNfMPxYN0,"COMO HACER CONCLUSION DE UN TRABAJO, INFORME, TESIS, ENSAYOüí•COMO REDACTAR CONCLUSIONES DE UN TEMA‚úÖ"
437,UCnr6pbeXJmkNQJ9PSYle7QQ,wxUs5SuWUYs,La violencia contra las mujeres en Colombia
438,UCOHSwPgWmmBAYPYnVsVzU6Q,HsXj21nw9zg,DANTE - &#39;&#39;T√çTERES&#39;&#39; [VIDEOCLIP OFICIAL]
439,UCi3-9gr3WDcKqB4Kdrukteg,T7sK9Ps7f3Q,Correcci√≥n preguntas Ley Igualdad
440,UCpnSMPssWSj53HsleFXJpqA,UYmdW8faqho,Burocracia 13 Ley Violencia Genero
441,UCDUxOvbwu1bnyD7AucP0ESw,Wg5kaf5uaSg,Ri√±a por una tuber√≠a de agua termina en tragedia en Rep√∫blica Dominicana
442,UCGbofRROopWrumVob5w61OA,b5o9M6gU6ng,"Bulling sangriento, Casos Completos | Caso Cerrado | Telemundo"
443,UCFtk3XgCla_lB-rrPwq9sag,rGrcQ7fQ5l8,Como hacer una INFOGRAFIA / Aprendo en casa
444,UCHAv-eC7WX8VeAjd0oPTdvw,qq2wk5Yg2iQ,LA VERDAD SOBRE LA IGUALDAD DE G√âNERO EN LAS ESCUELAS DE M√âXICO
445,UCUBIrDsIVzRpKsClMlSlTpQ,1e05_rwHvOM,Los pol√©micos videos racistas que youtubers chinos graban en √Åfrica para ganar dinero
446,UCVimQoXNCZuEnZRVAbuYMiw,bgmBxNxqBsk,La Base #2x65 - Todas las mentiras sobre la Ley solo s√≠ es s√≠
447,UCTsg9pcZdlmN6cgYPrkIG1A,qs-TGprx-eM,"&quot;No te subas al tobog√°n, que nos contagias enfermedades&quot; | Gente Maravillosa"
448,UCuevsN9kX4PiGaSSeVA-OtQ,yAddqqupRFw,La prevenci√≥n de consumo de alcohol y otras drogas es tarea de todos
449,UCa6-BJ1vbftmNTkXtc1Nbzw,LxIoWeXeGSU,EL PSIQUIATRA GAONA CRITICA TRATAR EL ASESINATO DE UN NI√ëO POR SU PADRE COMO DE VIOLENCIA VICARIA
450,UCI6QcXatdaEAaRTRjl3dc0w,I0POputJVU4,"¬øQu√© tipos de estr√©s hay? Con Marian Rojas - Estap√©, psiquiatra y escritora"
451,UCsT0YIqwnpJCM-mx7-gSA4Q,4JDu69Jy41Y,¬øQu√© tienen los pobres en la cabeza? | Mayra Arena | TEDxBahiaBlanca
452,UCZuV2hpGjAxA3wdY96vqKhw,n7RIOiCh44Q,"Textos informativos |  Caracter√≠sticas, estructura y tipos de textos expositivos"
453,UCBGhz1moVqt0Q7LaB0AXUrg,Xld747OfzfM,La Pir√°mide de la Violencia
454,UCqlsTzBv49Uiu8Z3IseVgQQ,7q6ALri5ba8,"MARIAN ROJAS, psiquiatra | Las tres puertas"
455,UCtChkQhYk5rSN8zsuCEHg0g,AMkZmhgn4rw,Lo que NO te cuentan del POLIAMOR üîí Desventajas y TODO lo que no sab√≠as ‚ù• POLIAMANDO - Noem√≠ Casquet
456,UCYnMT8rirp5aKOufiwkXEAw,hug1NLbLymM,"Kany Garc√≠a, Natalia Lafourcade - Remamos (Official Video)"
457,UCExcsK6US2M4YowkqvXCKUA,1qv_gNcnNfg,7 Devastadores Efectos Psicol√≥gicos de la Guerra
458,UCfL7tXuS4FeIMcIPQkD2eSA,XG2VMS0iBb0,RELACI√ìN CAUSA /EFECTO O CONSECUENCIA ( PRIMARIA)
459,UC9Nga3vrxVBKjtH6ViiGnuQ,AzuZFWWNSI4,El machismo que no se ve Documentos TV   2015
460,UC4zvnNV7nFma5GZwyu8xC-Q,v35UkH_SgWo,Dramatizaci√≥n sobre violencia psicol√≥gica hacia la mujer | Revista Al D√≠a
461,UCoqY0KJOQKENGy2_Ttct_UQ,-71RfZNfrK4,El maltratador se hace la v√≠ctima para manipular.No m√°s violencia de generoüò°
462,UCX9uVXgWLr4ZO8CMQU4QCsg,kSD_Vs6TaG0,Derechos de los Ni√±os - UNICEF
463,UCAaX9NjMCos_Qwz3n41eUgg,gRFQgoUZBYI,Shocking: Bull attacks woman at concert! ‚Äî (Andr√© Rieu - Espa√±a Cani)
464,UCGbofRROopWrumVob5w61OA,azJAAf_HbHM,Esa No Soy Yoüë¶üèªüíÖüëßüèº| Caso Cerrado | Telemundo
465,UCUS73_bjTYwBFAfXbvIjM8Q,LryFYvqBPks,Sandra Le√≥n: El fraude de Irene Montero en la lucha contra la violencia de g√©nero
466,UCtK7s89RJ9X9Nv9EQCMu9Lg,j7Wln6cRbDY,La jueza Victoria Rosell habla sobre la Ley Solo S√≠ es S√≠
467,UC6NVDkuzY2exMOVFw4i9oHw,kENwglPIi08,Veganos vs. Gauchos: Batalla campal en La Rural
468,UCfjvyS2pM_xYOrdAIlp5hjw,KhYVbJTwlSg,CAMPA√ëA VIOLENCIA G√âNERO  2014
469,UCvlsdLkBGHAgH8otxSSXdjQ,fS86J1Lt12A,mi experiencia en la VIU
470,UCbPVD2sqbmYo9HmaEIYntJA,zEbjhgGv0Qk,Los Valores son un caso. Primer Lugar. 3¬™. Muestra de Teatro...
471,UCc8TbSged5O_G8_eVD-YmbQ,6WhY8xkxlqg,DEBATE: Ideolog√≠a de G√©nero ¬øMito o realidad? | Agust√≠n Laje Vs Valentina Verbal
472,UCkHR9m-tscD3ojD7_viIfTA,,Rub√©n Gisbert
473,UCGbofRROopWrumVob5w61OA,IXW289QJofo,ESPECIAL DE CASO CERRADO: historias de personas trans
474,UCBdq2IZdl8bp1OOg5BNawuQ,ZCukFgCcLY0,M√âXICO INDEPENDIENTE - M√âXICO DESPU√âS DE LA INDEPENDENCIA
475,UCQ4Fgq1lDMwGJC0ZyzxaFYQ,dseH6etLh1M,"Manuel Carrasco, Malu - Que Nadie"
476,UChmLIRBQh3-bRJp3d6Dnnog,lqsXsXlKgt8,El LAZARILLO DE TORMES (Resumen) | Draw My Life
477,UCJNCutKmSOI5ZukOCTPkO8g,5IXqxhJ7qtE,Comparecencia de Samuel V√°zquez en la Comisi√≥n para el estudio del modelo policial del siglo XXI
478,UC0K3hL1073sRlq2iym3c5Og,YZ533RO8naA,El impacto de la Violencia de G√©nero en Menores (1 de 3)
479,UCW9ZLcFjsm_6j2JmQydxjBA,iRO4Yvkop4s,Lenguaje inclusivo. Una falacia de la equidad de g√©nero | Conferencia
480,UCnsvJeZO4RigQ898WdDNoBw,_ZhtAWDwvy4,Preguntas y respuestas sobre la ley trans | EL PA√çS
481,UCvDvBAOuJIHKWK59duvM0JQ,Icd_4NSWDII,AGUSTIN LAJE VS JOSE LALUZ - EL DEBATE DEL SIGLO
482,UCFtk3XgCla_lB-rrPwq9sag,MC2Zub3jYJY,Como Escribir Una CARTA / Aprendo En Casa
483,UCFzOKYgjQADyCfmNdo-CTow,lwAWqxPLlx0,G√©nero y curadur√≠a. Conversatorio con Milena Paola Almeida Mari√±o y Susan Rocha
484,UCI6QcXatdaEAaRTRjl3dc0w,BXSuiBTBI6c,"V. Completa. Cr√≥nicas de un psiquiatra en Nueva York. Luis Rojas-Marcos, psiquiatra y profesor"
485,UC7U4rpk0d7W5KQ25lnrSCrQ,E4WTnJCMrH8,Consentimiento Sexual Explicado con Te [doblaje espa√±ol]
486,UCQ1GpKa15ulyoQuxz7H4rng,AuXbnQjPsBQ,"Los ricos, los pobres y la basura | DW Documental"
487,UCUdOoVWuWmgo1wByzcsyKDQ,bx28c5Gu91s,El Salvador: las medidas del presidente Nayib Bukele en contra de las pandillas
488,UCloudsje897C7NvlfyjFCfA,Yo1RDpb8GRM,JUEZ CALATAYUD - LEY SI ES SI - IGUALDAD ‚ù§
489,UCMwXzr4_lGijScJsMp-IHxw,a8NFv4ckBkg,Residente - Pecador (Official Video)
490,UCvfzJ2WDWI4SPyCHzP35IIw,5F-7h8DF5k0,El Chombo presenta: Hablemos de Corridos Tumbados
491,UC7QZIf0dta-XPXsp9Hv4dTw,LDXk6csAH5Y,Las noticias del JUEVES 30 de NOVIEMBRE en 10 minutos | RTVE Noticias
492,UCnsvJeZO4RigQ898WdDNoBw,bNe12HB63-U,DEBATE ELECCIONES | El rifirrafe por Feij√≥o entre Yolanda D√≠az y Santiago Abascal #shorts
493,UCKC77AR_zWXRTE2GOD_2Uag,nYsBrbddKE0,¬øEST√Å CRECIENDO LA VIOLENCIA SOCIAL EN TODAS PARTES? - Vlog de Marc Vidal
494,UCvuVn8Ag0f9Usot0-DRsFQA,diWY-CIF_AA,India Martinez - A TI MUJER (Video Oficial)
495,UC6dTmpLOPRHZFQKhIxJtCbQ,X6my8lGA-hE,CUADRO COMPARATIVO
496,UCJkNJuaoE-e7jFYKD1ErCRQ,kng2chHBEsA,Malas noticias para Antonio David Flores y su abogado tras la querella cerrada de Roc√≠o Carrasco
497,UChmLIRBQh3-bRJp3d6Dnnog,zMQDbYASmzE,EL CID CAMPEADOR‚öîüõ° | Draw My Life en Espa√±ol
498,UCUPOMx1q_HvaukuIUZvfzwQ,XyiEG0XiVKo,FEMILOCA: OJAL√Å NO EXISTAN LOS HOMBRES
499,UCrdGjkqTZVMmAOk4YDjFV-w,D3CkYvIItts,Carla Toscano (VOX) acaba con Irene Montero y su ley trans: ¬°Nos meten ideolog√≠a de g√©nero en vena!
500,UCk6gDLXBSgjJh3AFpaAnJRA,-vMZx4pOL9A,COMO HACER UNA MONOGRAFIA DESDE CERO
501,UCK5CWpSWZKH3buC3ch5kN2Q,Kj9SxEQYeNA,Conchita - Por Las Veces
502,UCzzGxm2NPBBmrR04mJ7uvmw,ti6Bh3WEVoI,Violencia de G√©neros - An√°lisis
503,UCYbjDdv9SDNTgV64o_iLD8w,JOwMg91T4yw,BASTA DE VIOLENCIA - EL WEK ft VINKE- (CRITICAS REALES)
504,UC85VQJBwAb6zAEvLXZxT2WA,f9leeMGExX8,Satanismo en Colombia: Historia &amp; Comentarios
505,UC1KFgMi-KVzNKnvYIkFxqCg,rF5MgRx1Tcs,REVERTE DESTRIPA LA PERSONALIDAD DE S√ÅNCHEZ. LOS MEDIOS NO PUEDEN SEGUIR OCULTANDO ESTOS DATOS.
506,UCw7Bz6EHxlnOoBUBlJZCWCw,zV7C5K-YLcs,Peliculas Romanticas Y Estupidas  | #TeLoResumo
507,UC1IYhBFQbBWIxirTRbcfIUw,tcgOGqhQFT4,Federico a las 7: Dos varapalos del Poder Judicial a Pedro S√°nchez
508,UCKyuFzKFoMJqjJ-DwUU4iMA,uafcWAjIqwQ,Agust√≠n Laje Tremenda respuesta a feminista Sergia Galvan sobre tema ideolog√≠a  genero parte 2
509,UCrrytIyNHvfKkLQoqfX1BcA,EU4G5RsE0vs,Conferencia magistral: Ideolog√≠a de g√©nero y aborto.
510,UChGFgTAB1QsWPvsiOF1G3yg,hLWtS41xRRY,LA √âLITE ODIA A DALAS REVIEW POR ESTO
511,UCEcb76oxfjpX5eGysQCHvcA,Uw0FZRTnPLc,"Maria Becerra, Cazzu - ANIMAL (Official Video)"
512,UCW3iqZr2cQFYKdO9Kpa97Yw,xWgDnajG5Fs,EL V√çDEO QUE NO QUIEREN QUE VEAS y QUE NO PUEDEN DESMONTAR | UTBH
513,UCiP5vmNYR-LuUA3LARZBAoQ,I5KnIbRQ5Qg,AS√ç SE VIVE EN ISLANDIA: ¬øEl pa√≠s m√°s extra√±o del mundo?
514,UCRHU5z9y6ILmaLjvN1vlu-A,blL4KeYbG8U,Se extiende la violencia contra la mujer en India
515,UCGbofRROopWrumVob5w61OA,WH_na-OfGgI,ESPECIAL: LA DOCTORA POLO SE ENOJA üò§üòñ | Caso Cerrado | Telemundo
516,UCO4JB7fuRiSRnI3Ge1x2zKg,v1NUYt1scNs,La VIRAL ENCUESTA que HUNDE la amnist√≠a y a S√°nchez
517,UCkWDz9vtUIMjumSBgcfndPg,p8eTjVcnu7Y,Marcos de Quinto Exvicepresidente ejecutivo de Coca-Cola en #PodcastNTY #cocacola #feminismo #espa√±a
518,UCWZvD9i6M01UY5XIHpCDhrQ,8pB7_IpIjRo,¬øQu√© consecuencias tendr√≠a para la identidad y unidad cultural de Catalu√±a?
519,UCFrNA_G_rC-m8BQRyPnoNHQ,S15MOHe0ds4,la violencia hacia un hombre la zensura tiktok
520,UCBWF6OT9sHQU0rnMmUPdmyA,KtNszODk4nI,La ENCOMIENDA en la AM√âRICA COLONIAL - Resumen | La MITA
521,UCUhfd3iG0x1Wy9-EoY6CSWQ,-1Y9OqSJKCc,La Educaci√≥n Prohibida - Pel√≠cula Completa HD Oficial
522,UCWZvD9i6M01UY5XIHpCDhrQ,2zI6GQIV_aA,üö® Catalu√±a vs. Espa√±a: ¬øEl Principio del Fin? üá™üá∏üî• | An√°lisis Completo 2023
523,UCGbofRROopWrumVob5w61OA,eT06ah-iCB4,Con sexo todo se arreglaüë®üèª‚Äçüíºüè†üë©| Caso Cerrado | Telemundo
524,UCPH3Oz99Y_jrVBCQMjQZNSg,d_vrcyqBslc,La REVOLUCI√ìN CUBANA en 10 minutos | Breve historia de CUBA
525,UCFlPTtS2t67bQvpi0IK3nLw,sGbcRDYO8hw,CASTIGO | Pel√≠cula Completa | Drama ‚ùå
526,UCZV6-byabIJIgjmaMXvFUZQ,,Red de Mujeres en Turqu√≠a
527,UClqo4ZAAZ01HQdCTlovCgkA,E8sD0zgYNcA,C√≥mo reaccionan los ni√±os cuando les piden golpear mujeres / Entre Mujere
528,UCI4l_cE_d7Q3nv5Ka1ApGOQ,jEIb5CdShmM,Foro de encuentro  D√≠a Internacional de la Eliminaci√≥n de la Violencia contra la Mujer
529,UCK7dQ7w3EJuM-tuQ4O_vR0Q,pFb0tSSOMVA,üõë Roc√≠o Carrasco y los apoyos pol√≠ticos y medi√°ticos de la VERG√úENZA: Lo que NO puede volver a pasar
530,UCv05qOuJ6Igbe-EyQibJgwQ,N8S1s7B70Ak,La expansi√≥n del islam
531,UCI6QcXatdaEAaRTRjl3dc0w,OkHgtFmxyfE,"Versi√≥n Completa. Educaci√≥n y crianza respetuosa. Alberto Soler, psic√≥logo"
532,UCffeCLOfLmjYRUEhp_Zb2aQ,05PNvtzF-ek,"La v√≠spera de su boda, se enamor√≥ de otra persona | Pel√≠culas Completas en Espa√±ol Latino"
533,UCVimQoXNCZuEnZRVAbuYMiw,9_NuCtQFctk,Marina Lobo: &quot;Usan titulares para justificar la violencia y que sintamos pena por el agresor&quot;
534,UCATNLtVD9iXXzOmFc4bZ87A,-2bTdxiC_CE,SELECCI√ìN ESPA√ëOLA FEMENINA se PELEAN y solo juegan 10 (NO quiere SALIR)
535,UC7-TcaCmah3yPBX3YxPA2xA,Z029IDKs1dw,#Abocajarro9üì°. ¬øQu√© hacer con Pedro S√°nchez?  Hablan los juristas
536,UCQ4Fgq1lDMwGJC0ZyzxaFYQ,_KQPR8lgxsU,Manuel Carrasco - Ya No (Video Oficial)
537,UCBdq2IZdl8bp1OOg5BNawuQ,77lCkxxAsns,LA CONQUISTA DE M√âXICO - TENOCHTITLTAN
538,UCQ1GpKa15ulyoQuxz7H4rng,h24Bha4P3Uw,"Fe, poder, manipulaci√≥n - Los secretos de la secta del Opus Dei | DW Documental"
539,UCK5CWpSWZKH3buC3ch5kN2Q,5SQmixnaEpY,"Conchita - No Soy Yo, Eres T√∫"
540,UCa3DVlGH2_QhvwuWlPa6MDQ,8xGgFmoLRAE,An√°lisis de MOTOMAMI ü¶ã Entendiendo la transformaci√≥n de ROSAL√çA (con Rosal√≠a)
541,UCJ-hN-1MwYc8ZjaRVAW1BJg,yOU72MtOFsk,üìõ CHEERLEADER üìõ 2 ERRORES de FRANCINA ARMENGOL en apertura de legislatura que no gustaron a FEIJ√ìO
542,UCffeCLOfLmjYRUEhp_Zb2aQ,s4oPE_uA5LI,AMOR INTRANSFERIBLE l Pel√≠culas Completas en Espa√±ol Latino
543,UCEepOY2svuxbsJ-zsAPT9Fg,x-y7WJ3o028,Los celos enfermizos y sus consecuencias
544,UCGkVdu_EVrqqxQ7OnLFK8RQ,148UXakrNpA,LOS SINOÃÅNIMOS Y LOS ANTOÃÅNIMOS | V√≠deos Educativos para NinÃÉos
545,UCIea43mQUvpbzbwW0obETdQ,B9RfTBCzh9E,ASI SON LAS MUJERES EN EL LIBANO üá±üáß | UNA COMBINACI√ìN √öNICA | La Vida de M
546,UCYnMT8rirp5aKOufiwkXEAw,6CLCoU325CY,Kany Garc√≠a - Soy Yo (Official Video)
547,UCG337sC7wX43Ydw2sslZNog,BhQzCODFjMA,Vetusta Morla - 23 de Junio
548,UC7QZIf0dta-XPXsp9Hv4dTw,FoKP_ENZrFE,"SANTIAGO ABASCAL, presidente de VOX, en ‚ÄòLa Hora de La 1‚Äô - Entrevista completa | RTVE"
549,UC7tiuptCKrRGZNDQJ53Q11w,br1greLZ0qk,Se acabaron las lagrimas (dueto con Hanna) (Video clip)
550,UC7tiuptCKrRGZNDQJ53Q11w,br1greLZ0qk,Se acabaron las lagrimas (dueto con Hanna) (Video clip)
551,UC3vDuKX_LFw1W3lSqhNvdiQ,EawhF73mnxk,Un 60% de los espa√±oles creen que la amnist√≠a es injusta y un privilegio
552,UCwcMSX0USeNXXAoRTgE2Ndw,M4d-kttQtpc,El problema de la violencia obst√©trica en el √°mbito de la psicolog√≠a perinatal
553,UCI6QcXatdaEAaRTRjl3dc0w,aUCK9QvbMec,"¬øC√≥mo influye tu cuerpo en tus emociones? Nazareth Castellanos, neurocient√≠fica"
554,UC3VF4NY88Pn5oX4A7HJ9YLg,i1-Zv5ckXHE,MUJERES ESPA√ëOLAS ROMANTIZANDO EL MALTRATO DE EXTRANJEROS: EL &quot;FEMINISMO&quot; EN ESPA√ëA NO LLEGA A ESTO
555,UCBTuUY99I5plMaC_ZcmXIYw,NAKCu_yhxes,Joven universitaria grab√≥ el momento cuando es acosada en un micro en Santa Cruz
556,UCqmZBc7T8J5TFuRT5uf-j_g,-vXOisuDmFk,La desigualdad de g√©nero en el √°mbito laboral
557,UCtBw9qbavfN3GSTxV06fhUw,N4u08_8NPz4,Cine Western Historia del Genero de Pel√≠culas del Oeste
558,UCI6QcXatdaEAaRTRjl3dc0w,WisWde4lZdQ,"Versi√≥n Completa. Estoicismo: una filosof√≠a de vida. Massimo Pigliucci, doctor en Filosof√≠a"
559,UC_0j0mtBAGTj1U7LD3J0dhQ,-AelME4SNaI,Las 10 Fases del Genocidio
560,UCcLzwVXQXSFlWYzhnYTaWqw,Duv5pFX3StA,S√≠ndrome de subestimaci√≥n HD. Pel√≠culas Completas en Espa√±ol
561,UCuM3mpmH01yzIv4tAJWXOvQ,l39jszK6QEs,AN√ÅLISIS DE FIGHTCLUB: ¬øQU√â SIGNIFICA REALMENTE?
562,UCsT0YIqwnpJCM-mx7-gSA4Q,4NuF4HD94Qs,"Discapacidad, poder distinto | Constanza Orbaiz | TEDxRiodelaPlata"
563,UCajrNVKvG2xVlVcSr3GcsDA,Rl18Ailm7Uc,Avenida Brasil | Escena del D√≠a 121 | Telemundo
564,UC3369x0WW-2OHFXqv5keCCA,spyyt5zL85I,4. Cooperaci√≥n espa√±ola y promoci√≥n de los derechos de las personas con discapacidad
565,UCwz92X67y1ZhQRG4_TU9CNA,AIon1DH_MYs,25N D√çA INTERNACIONAL DE LA ELIMINACI√ìN DE LA VIOLENCIA DE CONTRA LA MUJERES: PRESENTACI√ìN
566,UC4Obh9UQ2r6FyeoIEPF-bBA,STAtmg5N_tE,C√≥mo Hacer un Mapa Mental F√°cil y R√°pido üò± | (Paso a Paso con Ejemplos)
567,UCcEX40UDEqB3a_6o9j0NozQ,6FUlWr_86_w,#PRIXLINE ‚úÖ Consultor√≠a [Estancia por Voluntariado en Espa√±a üá™üá∏ ] üòÉ üëå
568,UCrJRTSSrbv2G7mA8FEvRYqA,C236FJBvGwI,üí•COMUNICADO URGENTE por Antonio David Flores y JUICIO con Roc√≠o Carrasco y Fidel Albiac
569,UCUGcEzxyMJwuOCBNnjwPDxg,NVPUE3VUZY0,Mala ley de violencia de g√©nero. Tania Evans
570,UCFYqNfxE5JWNeYuZuaM4YNQ,pof79T6sSjQ,Vanguardia Espa√±ola - La IZQUIERDA NACIONAL [Entrevista a Santiago ARMESILLA en El Gato al Agua]
571,UCFtk3XgCla_lB-rrPwq9sag,xTiZPHi1f7A,COMO HACER UN AFICHE / 2 DISE√ëOS
572,UCQ1GpKa15ulyoQuxz7H4rng,o9qdfrx3WBI,Prejuicio y propaganda nazi - los cr√≠menes contra los &quot;hijos de la verg√ºenza&quot; | DW Documental
573,UC3NUgxBBl05tthfGBS6kPkA,4Xkr_YImzE0,üî¥‚ÄãEN VIVO| Jugadita de abandonar plenaria ya es costumbre en discusiones de la reforma a la salud
574,UCWZvD9i6M01UY5XIHpCDhrQ,R2cfUrAkDeA,üî• Un 41% de votantes del PSOE est√° en contra de la Amnist√≠a ü§î ¬°Lo que Piensan los Espa√±oles! üá™üá∏
575,UCFOwGZY-NTnctghtlHkj8BA,CTvjcssOSSQ,ü§ÆSE ENCIENDE EL PP DE LA ESCUELA DE AZNARüóëÔ∏è
576,UCvfzJ2WDWI4SPyCHzP35IIw,XuaECf75ZLI,El Chombo presenta: La Historia del Dancehall
577,UCGfDNM8CYrAglF7RyhNOF7g,BW1GzczxqoU,ESPA√ëA Y EL NUEVO CICLO DE GOBIERNO Gran Crisis y Derrumbe #tarot #predicciones #astrologia #espa√±a
578,UC4u7NDXiAWd_Mc4N5Jk2-0g,C_WVQOAgll8,El Cuarteto de Nos - Contrapunto para Humano y Computadora (Official Video)
579,UC4EPo_FWkoaVU79Ao4JVq3A,3Qa7nCPiYcU,ExploracioÃÅn esteÃÅtica de estudiante universitarias y universitarios desde la LEA para la reflexi√≥n
580,UC_lEiu6917IJz03TnntWUaQ,vHuIQfQ19JI,Mar√≠a Corina Machado reacciona a propuesta de Espa√±a de di√°logo con Venezuela
581,UCkCV6pROb0ml6W0WQP8zS_w,M1SNtkBaC20,Sustentaci√≥n de tesis: Hijos e hijas de la Paz.
582,UCXCis7lyhbGGWgryaMM1pQg,NnM_1gD57IA,üçÄüìö CURSO CONSTITUCI√ìN ESPA√ëOLA DE 1978 (PODCAST TITULO I)üìöüçÄ
583,UCZnEKjEJxjFSwfxWiqueOeg,2HQwzbLKYj0,La PSICOLOG√çA e IDIOSINCRASIA de los MEXICANOS | Minidocumental
584,UCVimQoXNCZuEnZRVAbuYMiw,CVe2QaKnwN8,¬øSon ciertas las acusaciones de Losantos sobre El Yunque y VOX? - Dato Mata Relato | La Base
585,UCINpXuCXVcp-rW49Gb9jqcA,IUtOZSbAbOU,El Diario de Patricia - Mejores momentos (Antena 3) [1]
586,UCncWSd2X_nE17RoVfaSdCtg,0inIpxW03Q4,Eurodiputado franceÃÅs HUNDE a SaÃÅnchez: ‚ÄúMiserable y peligroso‚Äù
587,UChtLgH7ZJLqLGWJpBnzy9Lg,Ut__YfySLhI,"La Tarde, aqu√≠ y ahora | Viernes 24 de noviembre"
588,UCOdvJP7V8XHvk1okqYSDJMg,n7meJOjt6rM,Madam C.J. Walker: La primer mujer afroamericana en convertirse en millonaria/Resumen en 18 MINUTOS
589,UCT3tvU3bVxOa3ZiVD-B7h9g,YCp7bWN3OW0,Sesi√≥n Plenaria (idioma original subtitulado) - 28/11/2023
590,UCWZvD9i6M01UY5XIHpCDhrQ,UrsIc3AbYNQ,üö® Preparativos Militares en Espa√±a: ¬øSe Avecina un Ataque Qu√≠mico o Biol√≥gico? üõë An√°lisis 2023
591,UCWZvD9i6M01UY5XIHpCDhrQ,seae6dmaoSk,üö® ¬øSOY UN FACHA? üì¢ ¬øSER√â UN ENERG√öMENO SIN ESCR√öPULOS? - SOY ESPA√ëOL ‚Äì VIVA ESPA√ëA
592,UCSkpbXGLanjBF5BaXZ2Mvvg,X5VpTU9LcqM,Evaluaci√≥n Psicol√≥gica en los Procesos de Violencia
593,UCBV6s81N1Kf_oWOr9cxF-lQ,l2hSMWHCrbk,üî¥ Delito de abuso sexual en Espa√±a üá™üá∏
594,UCrdGjkqTZVMmAOk4YDjFV-w,_K8yklYw_i4,"El Rey no se moja en un discurso, ¬°revisado por Moncloa!"
595,UC7n1ui9RAj25NO_F4GWydhg,SoZAxqy4PJ0,‚ú® ALICIA en el Pa√≠s de las Maravillas ‚ú® Lectura Susurrada con Subt√≠tulos üìñ (Audiolibro COMPLETO)
596,UCf6W-gNFClPt_XtQ6P44NTg,A8J9GFQD2wQ,Ayuso contra la amnist√≠a: ¬´Espa√±a no va a tragar con este atropello de S√°nchez¬ª
597,UC4t58IFl3NRhDg5idU9J2XA,N9e-Hz945ko,1.12.2023 LA CAFETERA ES TU PODCAST: HOY CONVERSAMOS CON ESTHER L√ìPEZ BARCEL√ì SOBRE SU NOVELA
598,UC_lEiu6917IJz03TnntWUaQ,EEQ0qOyvP3k,‚ÄúEso s√≠ calienta‚Äù: AMLO a Jorge Ramos en la ma√±anera al responder sobre la violencia
599,UCFYdMS-M4mRdbxPuErz1CVw,J5TGe46T6Gw,‚ÄúF*cks News‚Äù y el debate que reabri√≥ tras burlarse de una mujer que acababa de morir | El Espectador
600,UCFYdMS-M4mRdbxPuErz1CVw,J5TGe46T6Gw,‚ÄúF*cks News‚Äù y el debate que reabri√≥ tras burlarse de una mujer que acababa de morir | El Espectador
601,UCzcNSgeeGW8SZiSuUYY-RJA,1oOfUe09J3k,El largo brazo de la literatura negra
602,UC9zigkTfYeKuWCG1_F-WJNA,vexpy_VrXhw,INVISIBLES - Igualdad de G√©nero
603,UCMqPV2uig2qOVzF-itfPWeA,WGVBOKnBBfM,¬øQueÃÅ es la IdeologiÃÅa de GeÃÅnero y coÃÅmo se estaÃÅ implantando en el mundo?  | Dr. CeÃÅsar Vidal
604,UCrdGjkqTZVMmAOk4YDjFV-w,Irf7OkJw2dk,"EL VERDADERO DILEMA QUE S√ÅNCHEZ OCULTA: ¬øA QUI√âN QUIERE M√ÅS, AL PNV O BILDU?"
605,UCVimQoXNCZuEnZRVAbuYMiw,6JB_3Csc27s,La Base #21 - 8M: avance feminista vs reacci√≥n machista
606,UCpG0HepbRoEyhvlF0jUIujg,hDm47dPY5_g,REGRESA IBERDROLA! REINVIERTE LO VENDIDO EN M√âXICO
607,UCEnMl0izXmr8CqZkXe5JgQg,ta7f20p3eXE,NOTICIAS CINCO D√çAS 02 03 23 Onda C√°diz TV
608,UCzbTuYE4oMxtVmOjTJxI8pQ,KyWTUi4Ekz8,ESTRENO 2023 MEJOR PELICULAS DE ACCION pelicula ataque letal pelicula completa en espa√±ol latino HD
609,UCq4u1J611WIBYYOvstOFa3Q,3sxlciTfNWY,VICTIMIZACI√ìN SEXUAL REPORTADA POR ADOLESCENTES PROFUNDIZANDO EN LAS DIFERENCIAS DE G√âNERO
610,UCK7dQ7w3EJuM-tuQ4O_vR0Q,eIgOCSZPgHc,üü£ BLINDAN a Roc√≠o Carrasco en TVE: estar√° en &#39;Bake Off&#39; junto a Terelu Campos y Alba Carrillo
611,UCbwrih1KcFWaDqozNaSzYjQ,E77dEuEBZUQ,"¬°EL PSOE ACOJONADO CON VOX, TELEVISI√ìN ESPANTOSA ATACA A ABASCAL Y S√ÅNCHEZ ABUCHEADO EN OVIEDO!"
612,UC7QVVZ_oFkFCIJjU-xEJo-g,YYeKZJdv97Q,La evoluci√≥n moral: de las &#39;malas bestias&#39; a la civilizaci√≥n (y del narcisismo a la empat√≠a)
613,UC0OCdziicMP-0rTOp8BtP_g,rCo57iaYLKA,üá™üá∏ ESPA√ëOLES REACCIONAN a LOS 10 PA√çSES con M√ÅS CIUDADANOS en M√âXICO üá≤üáΩüò± *NO ESPER√ÅBAMOS ESTO*
614,UC5KfW9_wv4tqbIPgY8tMG-w,Y9Vse8VQrTw,COMISI√ìN COMPLETA: 30 de noviembre de 2023 - ASUNTOS MUNICIPALES - Diputados Argentina
615,UCY8GUkqSGpxsoSFWNwtzdZQ,jUFGXAYsGzw,CALVIPOST #14 DESMANTELAMIENTO PLANTAS NUCLEARES EN ESPA√ëA ¬ø POSIBLE ?  |  SAM ALTMAN Y OPEN AI
616,UC1KFgMi-KVzNKnvYIkFxqCg,WcP0qd9WfCU,ME INFORMAN QUE ME DENUNCIAR√ÅN POR DELITO DE ODIO.
617,UC1AAiqSebzRTa5mEsRisM1g,jltP8opDjLA,‚ù§Ô∏èüíõ‚ù§Ô∏èAn√°lisis completo de las √∫ltimas noticias sobre Amnist√≠a y del D√≠a de la Constituci√≥n. üë®‚Äç‚öñÔ∏èüìÑüåπü§ù
618,UC8-6gikVs0MvKebAHEGiwHg,VQrXZSf02hY,#URGENTE: #RUSIA DECLARA LA GUERRA AL MOVIMIENTO LGTB POR &quot;EXTREMISTA&quot;
619,UCHd0ByCTMXuTHvJb7XEidbw,rbokMNFpA5c,üî¥ #EnVivo | Ya inicia #ElAquelarreüíöüíú. Violencia pol√≠tica de g√©nero.
620,UCq3QoJn4nNojaXQG_2Rc6CA,HdN-AoF5YY4,PGM 616 - ENCERRADOS 28 NOV 23
621,UCUYokk2dJxFZf7NgxTL-ROg,KBMuCCDLYEM,"SE√ëAL EN VIVO DE BLU RADIO, LA ALTERNATIVA"
622,UCCuRlJtssdYA7hEMqVHX2rQ,b7xCqESwhjY,Aitana Bonmat√≠ aclara la pol√©mica con Montse Tom√© que conden√≥ a Espa√±a: &quot;Ped√≠ el cambio porque no me
623,UCHQaJxtJMKtrd6EkcKubCgw,HLWDbZh-4tM,13. -LA DI√ÅSPORA SOCIALISTA: TESTIMONIOS DEL EXILIO-PARTE II
624,UCPDWWWSUsIviqQdY1nagOyw,yJz1sKwhPrU,"HABLA UN BOMBERO Y DA UNA INFORMACI√ìN MUY BUENA SOBRE ACCIDENTES, EN COCHES EL√âCTRICOS."
625,UCK7dQ7w3EJuM-tuQ4O_vR0Q,2iK0rretNuo,üî¥ Roc√≠o Carrasco TOCADA y HUNDIDA: El Supremo ARCHIVA la causa contra Antonio David
626,UCVimQoXNCZuEnZRVAbuYMiw,DzAZVIgnGcw,El mensaje de Ana Pardo de Vera a los seguidores de &#39;P√∫blico&#39; tras superar el ataque inform√°tico
627,UCGWt3Hunyq2i8Qso_de8x5g,W27DArY0hOI,"Comisi√≥n de Econom√≠a, Hacienda y Presupuesto. 01 dic 23. 19:00h Secci√≥n 17"
628,UC6yNnDoJZIFlHKZFWaRsn2g,_LNCCyaOP7Q,El caso de Tomas Gimeno | Criminalista Nocturno
629,UC9IKRERMBveiwpWeowOSpHg,JF_GqpNZ8_k,El vergonzoso mal uso de la Comisi√≥n de Peticiones por el PP en Bruselas
630,UCbg4BuSTYXd_EcuH94UaGVw,rVqzBe0aA6g,Tipos de violencia
631,UCwd8Byi93KbnsYmCcKLExvQ,NLQUJ6UjryQ,"TODO ES GEOPOL√çTICA: Rusia y el ‚Äútango‚Äù de la OTAN, mentiras de la COP28 y crisis respiratoria China"
632,UCxOahresT9J8qOYMYATh5QA,UTj8GFLHv-o,Jes√∫s √Å.Rojo:üí•Juan Carlos I se planta ente la AMNIST√çA y golpea a S√°nchez y a todos sus ministrosüí•
633,UCJ0avXPIuQfBVp-k5kmzQ2A,nP0WeYbn0GM,Violencia de Genero en ITALIA üòîüáÆüáπ | EP 6
634,UCmAlVOjuKr1HcGH9QlVuhpw,YDxdjSLtPXs,Seminario Internacional de Turismo y Arte - Sesion 3
635,UCT7KFGv6s2a-rh2Jq8ZdM1g,qOo2jSGeGM4,"Desaparici√≥n, muerte y misterio: apareci√≥ una mujer carbonizada"
636,UCGgDsggGM1GybM1GeyqQ3Og,vuUoTWTFZHQ,Nuestro programa m√°s especial del a√±o en el marco de la FIL
637,UCrf-VfFFGTO1pl1jTFyTTng,hu2Eo2BF-s4,"ESTO NO VA DE FOROFISMOS, VA DE L√ìGICA"
638,UCRltUe98k2JyB38NBr-mr4Q,cbJavF2xMAU,SECRETO JAM√ÅS CONTADO Carlos Otero arresto Haniset Rodriguez | Chismes Humor 4S 55E
639,UCcKzc5ep-cbFb4o2qiLvF5A,b3k-H4JNg9g,4 de diciembre de 2023
640,UCJTQzcNey0EhLCZORHuDAZg,jsdnyks31Dg,M√©todo de T0RT√úR4 en la edad Media üòî‚ò†Ô∏è | 2022
641,UC1IYhBFQbBWIxirTRbcfIUw,b-72IJQ8ESo,Cr√≥nica Rosa: La filtraci√≥n de datos &quot;sagrados&quot; en las declaraciones contra B√°rbara Rey
642,UCFJUvQEJ3dXDsvxn3sw0RdA,cjq-GUwuJN8,An√°lisis de la modificaci√≥n de la ley contra la LGTBIfobia de la Comunidad de Madrid
643,UCwd8Byi93KbnsYmCcKLExvQ,0RvxoU-XCrg,"INFORMATIVO: Israel planea una &quot;guerra larga&quot;, Rusia avanza, Zelensky presiona y Europa amenaza"
644,UCSDQBYH15KpC3MFy7m1r5HQ,wTS_D_WmVB4,Activismo mediado por el arte - Maly Xioza (Artista Callejera MC)
645,UCcgcwkinB8r6AnqAYv-PiNQ,ot24KJYxlPg,üî¥LA BOMBA de ARDE TROYA - JAVIOLIVEIRA responde a ACUSACIONES de PEPA - MENSAJE para JUANJO VLOG
646,UCwd8Byi93KbnsYmCcKLExvQ,cGUXVaNMQC4,"TODO ES GEOPOL√çTICA: Rusia y el tango de la OTAN, mentiras de la COP28 y crisis respiratoria China"
647,UCEXDCxwktpMMFhTSGdEP3EA,maq754fBh-A,Grave crisis diplom√°tica entre Espa√±a e Israel
648,UCfYk6FdS8bFLrOz_n0b0YTQ,v3UoJkVkph0,Entrevista a David Aza√±√≥n Gonz√°lez: Polic√≠a Nacional 87.713 - 01/12/23
649,UCKyuFzKFoMJqjJ-DwUU4iMA,D0Ze7Rq-SO0,‚ÄúCON LAS MUJERES NUNCA SE GANA‚Äù CHARLES MARIOTTI
650,UCxOahresT9J8qOYMYATh5QA,gDEHSatOMr4,üî¥#ENVIVO/MUNDO ROJO: üí•¬°S√ÅNCHEZ SE HUNDE!üí•: Bofet√≥n hist√≥rico del Poder Judicial al Gobierno
651,UCYrYiX49ZUVrPESqVRhpKMw,JGh41Cq86po,üó£üì∫¬øLa normalidad era lo de antes o lo de ahora?
652,UCe4Pf8EY-9pYFnvYebefoUg,VeeIvbx6mdo,ü§£ MILEI DESTRUYE A LAS FEMINISTAS ü§£
653,UCwd8Byi93KbnsYmCcKLExvQ,39vSiYjb864,DIRECTO | TODO ES GEOPOL√çTICA
654,UCLvEK5IsuSZSErmoU1fOwog,YsAUCCgUnxw,Holanda da un GRAN PASO que nadie vio venir
655,UCrJRTSSrbv2G7mA8FEvRYqA,Xv76Jsgg0zs,üí•¬°NO QUIERE QUE LO VEAS! Roc√≠o Carrasco AVERGONZADA por Antonio David Flores y TELECINCO
656,UCxzpZxPusyjhu0a_lpoofbg,UAnm1DHwE2o,Conversaciones Espa√±a: Contreras-Irune- Higinio M-Santiago N y Jos√© Palacios. (extractos)
657,UCbDy4MdNIQG0TRnSdKPl6zQ,k8SOn3MxsJk,üßë‚Äç‚öñÔ∏è MARTA RIESCO A JUICIO! √ÅNGEL CRISTO DENUNCIADO! AITANA HABLA SOBRE¬†SEBASTIAN¬†YATRA
658,UCxEgOKuI-n-WOJaNcisHvSg,3od8lqWxx10,Recaudaci√≥n aumenta 10.6 por ciento respecto a 2022. Conferencia presidente AMLO
659,UCRja7nxirrJ4yEUa9pPkFmw,zFrP2fqKBSk,"#AstilleroInforma | ‚ÄúM√°s adelante‚Äù, Marcelo dir√° si levanta la mano a Claudia/ Condicionan a Noro√±a"
660,UCJPuMBR7YVh-d4vLICSZuZA,INkDsWgvFM0,LAS CAMPOS estar√≠an EN LA RUINA
661,UCMMeGbQcw9IybAg5ihcJPsg,Hzec5I8oQL4,&quot;DEJE DE MOLESTAR&quot;BRUTAL REPASO del JUEZ a Roc√≠o Carrasco que PIERDE su DEMANDA contra Antonio David
662,UC9MlhVnLZ9DuazKD81Rjudw,kF6VRuMj4FQ,EL MEJOR EVENTO DE LA HISTORIA FORTNITE X EMINEM
663,UCvKhnicGlLpJWfgAcmX8zXQ,oMSe4VfORNw,Informativo14: Comparecen en el Senado las 3 mujeres propuestas para ministras en la SCJN
664,UC-FVhfqCwhzpJ4DTJOMMofA,1GtEq2JoRUc,Brozo y Loret - Episodio 75
665,UCnbiEyHkpcNDE2GDX1foLiw,WwR6QYwA5Gg,Salma Hayek | C√≥mo vive y d√≥nde gasta sus millones la principal mafiosa de Hollywood
666,UC5WMcGsT8T-x9LSN_Oj4DEw,6bOqA1y2D60,"üî¥ Lleg√≥ la hora, el magazine de la televisi√≥n de Andaluc√≠a | 1 diciembre"
667,UCRja7nxirrJ4yEUa9pPkFmw,D6qZpdy3-K4,"En equipo de Claudia: Noro√±a el incoordinable, Tatiana la comunicadora y Ad√°n el que no aporta: mesa"
668,UCcdUt-ezblFANUS3PfNZiTQ,O6Q8W0svXQs,PODCAST DE ACTUALIDAD 02 DE DICIEMBRE DE 2023
669,UCbYu128-_tCzaArNr5R2DIw,P-qQCS4d0rk,Dando Ca√±a | 30/11/23
670,UC5055YUoEq35BPbHxOBRQeg,kCnRvZ0MI9Y,Escupir En El Tiempo CAP. 58 &quot;NO COUNTRY FOR OLD MEN&quot;
671,UCWxc7nupgHS1IYdETizTKvA,s17zbosMUHw,"En Vivo | Elisa Xolalpa ‚Äìatacada con √°cido‚Äì exige justicia, tras 22 a√±os de impunidad"
672,UClLU7R9-phS8CXAe5f4vmrQ,kqlfDDgrWig,Las Noticias con Jes√∫s Mart√≠n. S√°bado 25 de noviembre de 2023.
673,UCs5KKKox4b865AC378kDVvA,CC71NPOduoc,‚ôüÔ∏è El Partido Judicial contraataca  | El Tablero
674,UChGFgTAB1QsWPvsiOF1G3yg,LWZFzlkRN5E,ARDE TROYA RECULA! OLIVITA RECOGE CABLE! COMO SER SWAG!
675,UCk83ImFkSWqVQBYLa6hMSCw,PLm30qkH5b4,Milei No Es La Soluci√≥n - Juan Manuel Vaz
676,UCW3iqZr2cQFYKdO9Kpa97Yw,MV6uArlMHdg,BRUTAL RECORTE de DERECHOS LGTBQ+ en MADRID | UTBH
677,UC1IYhBFQbBWIxirTRbcfIUw,KtmCyu81Nlk,Tertulia de Federico: ¬øQu√© van a suponer los cambios en la c√∫pula del PP?
678,UCbDy4MdNIQG0TRnSdKPl6zQ,GYa2yfS_RoY,üèÜ ANTONIO DAVID GANA LA BATALLA! OLGA MUY CERCA! B√ÅRBARA REY INSINUA¬†LO¬†M√ÅS¬†FUERTE!
679,UCJPuMBR7YVh-d4vLICSZuZA,zhO7GW-fMaM,PILAR VIDAL acusa a ANGEL CRISTO JR de MAL0S TRAT0S
680,UCTHaNTsP7hsVgBxARZTuajw,9SbTmVHgzI0,"#TARDEDETERTULIA l LA RULETA DI√ì RECORRER, TDTOFU POL√âMICO Y ¬øMARTI CANCELADA?"
681,UClF4mtU2mNmrlBRnmwLZw5g,FOwhTEbExFY,EXCLUSIVA EN DIRECTO. DESCUBRIMOS LA GRAN MENTIRA. Reaccionamos a la entrevista de √ÅNGEL CRISTO Jr.
682,UCbDy4MdNIQG0TRnSdKPl6zQ,t8qnrWe2nH0,üí∞ EL CACH√â DE √ÅNGEL CRISTO! NUEVO TESTIGO DANIEL SANCHO! JUAN JOS√â BALLESTA¬†DETENIDO!
683,UCMSxqCnv6AxU8wz73REtP3Q,mEOJsmxcrUg,Poner el mundo al rev√©s - Como eliminamos las violencias contra las mujeres en lo p√∫blico.
684,UC8FOhz3iXhF1iqqzAFfBjmA,_jlBq7O4qe8,DIRECTO | Presentaci√≥n del libro &#39;El nacionalismo contra Espa√±a&#39;
685,UCYrYiX49ZUVrPESqVRhpKMw,cECX0raYGBk,‚ùå En VOX no aceptamos lecciones de una izquierda que lleva a√±os insult√°ndonos.
686,UCt7k7y_xTkkc1Jeh7cdAjDQ,sGgUrcm8jzs,"#EnVivo | #LosPeriodistas | Fox, el apestado | Team Claudia: Tatiana VS los malos"
687,UCmg8fvWtHWMXU37Ur4zNcGg,eeG70CKUVyQ,¬°Luis Miguel CANCELA concierto en Quer√©taro y numerolog√≠a con Alejandro Fernando!
688,UCmQF0iPla6lgyYBA2OUvoNw,0XM9GRpRPhE,Un hombre CRITICA a los medios de comunicaci√≥n tradicionales en la ETB
689,UCDCGcMrwJ6UrPjRCvo1vcYw,nJNmAG7IjvM,La industria del sexo de pago en Espa√±a
690,UCCEPSmdIDH2NkgbCUCA431g,qFt7JksDVYQ,EN BUSCA DE TU VERDADERA IDENTIDAD
691,UCWpBYQF-ZuL6FQ05OIL9Yzg,uD-Keydp0FE,CONTESTO A TIKTOKER FEMINISTA SOBRE LEY TRANS
