,comment,author,hateful,category
1668,"['TODA RIDICULA GERRA ,,,, SOLAMENTE TRAE MAS PENAS ,,,, Y MAS PROBLEMAS ,,,,']",UCIGmrIv2ZNY98fs3Terwsvg,0.9884803295135498,ideolog√≠a pol√≠tica
2466,"['Esta mina esta acostumbrada a un pais que es mas chico que bs as, si ahi no tienen cobertura de celular en todos lados pretende que nuestro pais de miles de km con todo naturaleza de por medio lo tenga jajja. Somos sudamericanos muy orgullosos de serlo y esta tipa se le cayo la careta y demostro el racismo que tiene']",UC1cpVhCcZ2JVXjddlkwLRNw,0.9884281754493712,ideolog√≠a pol√≠tica
2480,['Drogadicta inmoral desagradable mala yerba'],UCjEnbG4HbMqIuFguVlZjQcw,0.9882020354270936,racismo
3100,['TRAIDORA DE MIERDA'],UCAdWZIg-4oh0i2QqWeTVsvA,0.9873141646385192,ideolog√≠a pol√≠tica
1700,['Esa vieja en problemas lo va meter'],UCPD73ZEBUiveA7GnDoaWaxg,0.9870298504829408,ideolog√≠a pol√≠tica
3541,['TOMATELA PLANERA DE MIERRRRRR CON TODAS TUS PELICULAS DE MIERDDDDDD\n...üí©üí©üí©üí©üí©üí©üí©üí©üí©üí©üí©üí©üí©üí©üí©üí©üí©üí©üí©'],UCQVxduXZg1gYXa9JoD4p75Q,0.9864582419395448,machismo
590,"['que amiga te da todo de a gratis, jajajajajajajaja esta es media cojudita.']",UCwP0ry6yV8coNvhTn02h73A,0.9853608012199402,machismo
240,['Hist√©rica prepotente'],UCyaqfHGyfRnjsyqEaaRFQFg,0.9852745532989502,machismo
3130,['Estas enferma.'],UCA5bUYa21DWuoQuO8xumipQ,0.9852257370948792,ideolog√≠a pol√≠tica
1685,['SE RECHAZ√ì MENTIROSA.!!'],UCZHacuvuSvwq-uNQ8fEWKUA,0.9850887656211852,machismo
3807,['VIVA AMLO Y LA 4T üá≤üáΩüíØ‚ù§üëë\nY EL TREN MAYA vieja taruga'],UCo_yTeOQ_uTse9c_3ELx9Eg,0.983630359172821,ideolog√≠a pol√≠tica
3723,['Loca de mierdad la mama'],UCL3svv8nLbtWvAeRMM13iOQ,0.9832363724708556,ideolog√≠a pol√≠tica
309,['No pas√≥ nada lo √∫nico que quiere esta tia es dinerito fresco mentirosa!!'],UC8QiqvwbFHPx9k-UzSA390w,0.9816274046897888,machismo
2972,['Que mu√±eca m√°s malvada jj'],UCsgUX4s_NmW-_0bU_T7hazQ,0.9813856482505798,ideolog√≠a pol√≠tica
1724,['Le muestran evidencia y se pone extrambotica la mujer q show.'],UCp7KAiABQBa9yoDSaJq6fuA,0.9805548787117004,ideolog√≠a pol√≠tica
1697,['Mentirosa los hospitales p√≠cara'],UCv5e_17Rv2a2OEqP--axkgA,0.9802930951118468,ideolog√≠a pol√≠tica
1592,['Se ve igual de pedorra'],UCPKpvmrHBkiSYFDEcBAtAfw,0.9801820516586304,ideolog√≠a pol√≠tica
3652,"['Ella nos esta haciendo recuperar el pais por vias democr√°ticas. Los que dicen que el abusador se saca a la fuerza... que fuerza? Los venezolanos pelean con su dia a dia para llevar aliment√≥ a sus casas; la armada? Tambien pobre, debilitada, corrupta  y viciosa; Entes internacionales? üòÇ  Los gringos?']",UCU0uPWi9IDlsSuTRHpM7HZg,0.9795154929161072,ideolog√≠a pol√≠tica
441,['Femilocas enfermas mentales con sus CHINGUIRITOS  para amigotes'],UCaWLgqWdOFe4N7lRuFnZPnA,0.9791791439056396,machismo
1116,"['2:09 Porque est√°s jodidamente obesa, ve al puto gimnasio mija...']",UC9hheDdNx9G565UI_vM1XzQ,0.9791181087493896,machismo
3216,['Afea? Yo dir√≠a que es una Feisima...üòÇüòÇüòÇ'],UCKgTz5E2FA3di1laUJDWGog,0.9789447784423828,machismo
3869,['Gata ü§®fea'],UCzkSUAbYNVaY9rTrmLTBOTA,0.978270411491394,machismo
2456,['Ella no est√° criticando a los argentinos sin√≥ al sistema que los mantiene en esas condiciones!! Que poco entendimiento. Esta Espa√±ola es directa y transparente.'],UC1KE_Gb7JilSqUoyHDZXw8Q,0.9778741002082824,ideolog√≠a pol√≠tica
2201,['Ustedes los espa√±oles son unos mazocas. Para aguante ustedes. Donde dije digo dije Diego.'],UCv_zrbdug_Hci9fq0xx_zDA,0.9778153896331788,racismo
696,['Soy un hombre maltratado  nadie me ayuda me sumare  a la lista de suicidios esa mujer que dice lo de los culos miente como una bellaca aqu√≠ nadie le dice el culo a nadie .si siempre hay alguien enfermo normalmente huimos para que no nos violen'],UCLEkz-34LdQBkRW_jYCb4fA,0.9777365326881408,machismo
2245,['Que gordas son'],UCsi9ZlLni-9-6wcyczIQzuw,0.9757594466209412,machismo
1780,['Esta mujer es una aprovechada la herencia es de la hija y eya dispone de todo'],UCF_rN69tTRiGD1jly1K1qGQ,0.9748332500457764,machismo
1640,"['Los emigrantes ilegales pa su pais, hay que ser ordenados']",UC2rltx1AuN_zXeVZw5q0wAg,0.974057912826538,racismo
3591,['Disc√∫lpame con mucho respeto te digo que esa Pilar Vidal es una üëπ'],UCFPWNCZca8smPCwDr-Zl3Vg,0.9736254811286926,machismo
1731,['Abusadora....quiere m√°s dinero..por qu√© buscan de otro Pa√≠s...busquen de su pa√≠s...'],UC0MjfpDGMYfk3NmlmLDtVYg,0.9736044406890868,ideolog√≠a pol√≠tica
2249,['La ni√±a de morado me caeria gorda porque se cree mucho (Ademas de que esta gorda)'],UCz24SGE5DVtLPMSi48Be0qA,0.9722968935966492,machismo
1774,"['Y mientras tanto mil africanos se meten en un cuartel de Alcal√° de Henares lleno de ARMAS,muy poco vigilado, los fines de semana 4 vigilantes.Si se amotinan ...Otro cuartel en Carabanchel y otro en Cartagena.INVASION MASIVA DE ILEGALES PARA USARLOS  DE EJERCITO.De que liberalismo hablas,no,solo aparente y enga√±oso.']",UCXxwEHT763WjsiMnOdRwiGw,0.971489191055298,racismo
2562,['Que outa'],UCaWG89rxJg--xV_TCDr2xzQ,0.9713793992996216,ideolog√≠a pol√≠tica
2274,"['Por qu√©?? todos creen que los machistas son espa√±oles, cuando los machistas son esos marroquies y musulmanes que tienen esas ideas,este pais se esta llendo a la mierda,si asta ahi pruebas de ello y siguen con lo mismo,eso es lo que hacen las feministas, sabiendo que son esos los que no se adaptan al occidente,deberian echarlos a su pais.ü§î']",UC7KWPog-aWXmo2sjgT732lg,0.9713377952575684,racismo
1174,['Pobre arrastrada üòÖ'],UCnQne5I9MaDeucNPD9Q-szg,0.9711140990257264,ideolog√≠a pol√≠tica
3733,"['ESA JESSICA SIEMPRE DE BARBERA CON EL SR INFANTE, ME CAE MAL üëéüèª‚ùå  NADA AUT√âNTICA , NO TIENE NADA BUENO QUE OPINAR SI NO COPIA AL SR, DE HUEVA ESA MUJER üòè']",UCFImoZWujr1HguRU7cencsw,0.9710432887077332,ideolog√≠a pol√≠tica
972,['pobre diabla... me da pena sus razones estupidas'],UCqZY8K8S9KzhN4Q9ZK7-fPQ,0.9703585505485536,machismo
493,"['Est√° mujer est√° quedando m√°s loca que saber qui√©n diablo, chanchada est√°s disque charlas, los mismes jaja solo verga']",UCnG9s-oShSfpYfHS6wObGhg,0.9694632887840272,machismo
2522,"['Pero c√≥mo es posible √©sto.? Inglaterra ha sido un pa√≠s rico,no puede estar dando l√°stima,eso es para los chinos y para los rusos,que tienen la mente retorcida.\nEsos ricos,esos millonarios,esos artistas locos que botan el dinero,hagan algo por √©ste pueblo culto,que ha sido la admiraci√≥n del mundo.\nMi solidaridad desde Le√≥n-Nicaragua,Ciudad Universitaria.-']",UCihVdpf8TI_F53GSqZmeuLQ,0.9693398475646972,racismo
2107,['Los chinos se ko.comeran todo...\nY los listos europeos a hacer pu√±etas ..\nTiempo al tiempo.'],UCqpDDOz26BaoHqhmlqj0MpA,0.968988835811615,racismo
3205,"['Quizas el sufrimiento de aquellos que iniciaron las colonizaciones en el mundo no los tenemos claro, lo que si queda bien establecidos en rl mundo son todos  esos indios que fueron vilmente MASACRADOS ASESINADOS,ESCLAVIZADOS, solo para despojarlos de las tierras que les pertenecieron, por a√±os, hasta que llegaron, lis INVASORES que antes les llamaban colonizadores, como si los que habitaban esas tierras hubieran sido animales.']",UCfNbtmYjWAZOcq-bBcAodnw,0.9689409136772156,ideolog√≠a pol√≠tica
3558,['Buena aunque no me gustan los gringos haciendo de las suyas en nuestro territorio'],UCcgpE7HGnSbYGKsyz4JDYsw,0.9682750105857848,ideolog√≠a pol√≠tica
2263,['La razon por la que la mujer espa√±ola (principalmente la feminista progre) es asi es porque en realidad quieren a alguien que la maltrate y domine despues de todo en el interior odian todad las leyes feministas y el estilo virginal que las hacen tener junto el echo de que el hombre espa√±ol se volvio sumiso\n\nLes aseguro que si el hombre espa√±ol fuese mas vivo y mas dominante y ke valiera un comino eso de pedir permiso para tocarla a trav√©s de un papel  ahora mismo no abria emigrantes y la natalidad espa√±ola estaria por los cielos'],UCQuqFBBFrms86sNfkLxbuVQ,0.9681254029273988,machismo
2118,['esa beatriz preciado...tremenda loca'],UCuZ3a07j7fEQyi7y60rZF1A,0.967810869216919,ideolog√≠a pol√≠tica
2212,['Que traumas tendr√° esta pobre mujer.'],UChU9wJ7mcDrLiwYxsoQJRxQ,0.9678048491477966,machismo
2261,['Yo tengo una amiga espa√±ola que est√° casada con un hombre musulm√°n y es una pesadilla total. Ya le di√≥ una cachetada frente a los hermanos de √©l. Le ofende en √°rabe. En una ocasi√≥n le ofendi√≥ dici√©ndole que se iba a follar a la p‚Ç¨&@ de su madre. No trabaja y ella es quien le mantiene con la excusa de que todav√≠a no tiene sus papeles. Y adem√°s ella hace las labores en casa. En el Ramad√°n este z√°ngano se la viv√≠a durmiendo todo el d√≠a y en la noche se levantaba a cenar tooodo lo que le hac√≠a ella. Es desesperante ver ese cuadro üò¢'],UCT6jzywIdkuGQAMGbAAJbEQ,0.9675487279891968,machismo
273,['La periodista o se√±ora de seguro es una feminista.. pues que se prepare para quedarse sola asta la muerte..SOLA ..SOLA ..SOLA'],UCoLB3OQY7aGK1sGovPmgZXQ,0.9670757055282592,machismo
3567,"['Buenos d√≠as . No hay un pol√≠tico sano. siempre mirando su carrera ombligo y poder para ser, t√≠teres de los Yankees y otros ogros  con ganas de manipular en Union con los prepotentes Yankees,,, y ya nos vendieron a estos asesinos y elitistas, Feij√≥o otro cochino Am√©ricano, que deten√≠an a los anti vacunas cochinas Yankees matando m√°s que curando no valen un pimiento ning√∫n pol√≠tico anti humano']",UCjdiPqrP4eeqIKR6T2aBsGQ,0.9654541611671448,ideolog√≠a pol√≠tica
1112,['Obesa üî´üî´üî´üî´'],UCDn3h0lyWMT0_-L7Jl_DMdw,0.9647578597068788,machismo
2272,"['Quieren deconstruir al blanco espa√±ol, para que las espa√±olas, busquen hombres de otras culturas, para acabar con la raza blanca.']",UCx68XoH_AwGp83CWwo7_Rig,0.9643949270248412,racismo
2031,"['Est√° MATANDO espa√±oles. Sin sangre ni medicos .ni  bulanciss .con patrras para otro sitio y otros aqui. .SANCHEZ O TODOS EN Ptrras o yu solo y familiar rn pateras al cosmos con , ZP. Por el tunel y zp de capit√°n de patera al cosmos pues mo habr√° mas costa s costas']",UC_8js9UVJ9g27NPukNZsZWA,0.963343381881714,racismo
3624,['Esta mujer lo mezcla todo. No se dice lo que ella esta diciendo aqui.'],UCBAwqa3oMsE2GZQlhe0mKXQ,0.96301931142807,ideolog√≠a pol√≠tica
3594,['MAICA..gracias Eres  buena  comunicadora ... pilar Que pesada de mujer...'],UCwSvmcbsDEvAs6BLpg1Kbow,0.9626720547676086,ideolog√≠a pol√≠tica
3182,['Coman mierda Elfos negros????'],UCVO8H_slHdXA2KN3iyVBocg,0.962266445159912,ideolog√≠a pol√≠tica
905,['Porque no preguntas que hacen los americanos dando por culo'],UC9giRButtQseBNAchR93zrA,0.9617724418640136,ideolog√≠a pol√≠tica
2707,"['Que clase de franceses permiten que inmigrantes los maten en su propia tierra , con raz√≥n tienen fama de cobardes']",UC-D7Juf_zKEoSD7bdMiaJ-A,0.961595892906189,racismo
639,['¬øC√≥mo puede sentir alegr√≠a de ganarle a una mujer?  Esa L√≠a Thomas esta doblemente enferma.'],UCgTajq96z-dHZvIDUq0Ldyg,0.9613820314407348,ideolog√≠a pol√≠tica
2999,"['Felicitaciones  a el presidente  putin y a su gran nacion Rusia. Deberian tambien criminalizar a esas locas feministas tambien , lo unico que traen es degenero a la sociedad.']",UCwMg3muSkfSWNZ1bOvFxwSw,0.9613220691680908,ideolog√≠a pol√≠tica
3932,['Pinches furros'],UC0BZBPrKeCG0ipC6bGJw5LQ,0.9603973627090454,ideolog√≠a pol√≠tica
3614,['Esa Se√±ora ya no la queremos que si en el gobierno'],UCgRrwEyZeiaO_T5rmSCNjgQ,0.960053324699402,ideolog√≠a pol√≠tica
3144,"['Me gustaria saber de todos esos racistas machistas asesinos naltratadores , cuantos son espa√±oles y cu√°ntos extranjeros. \nQue siiiii progres que ya lo se , que tidos son delincuentes , pero me gustaria saber nacionalidades, simple curiosidad\nY a vosotros, progres???']",UC0fmfVhG7R2rF4DzYBl7d7Q,0.9594976902008056,ideolog√≠a pol√≠tica
1779,['La mam√° de Daria es una bruja'],UCaJmjaBz8HY6bDrUtSA-oIQ,0.9585036039352416,ideolog√≠a pol√≠tica
681,"['Vales lo wuw generas, mercado libre! Las feministas cerradas de mente no se enteran...üòÇ']",UCKh3UleFzK4JV_UDRR_4e2g,0.9584580659866332,ideolog√≠a pol√≠tica
2065,['Que edsajerada esa mujer q tiene q le toque s√≥lo que tal ves ese hombre seenamorod e Ya s√≥lo quer√≠a tocarla par hablar educadmnte pero esa mujer est√° loka ella es la loka esehonre pareses ser un buen hombre as√≠ lo quer√≠a absrpei aveces los hombre son todos Solo valientes al ser rechazado pero q Mas ay mor d mierda el el mundo en todas la ciudades no estar moelntndo clases de mujeres as√≠ lokass'],UCgOjaupneGu3t_em1pGCaOg,0.9583179950714112,machismo
3756,"['Por suerte somos muchos m√°s millones de mujeres, que no hacemos caso a estas lloronas crueles\nEllas son unas dictadoras, todas ellas, a las que el heteropatriacado de sus partidos pol√≠ticos, despu√©s de destrozarlas y aprovecharse de ellas, las metieran en la pol√≠tica.\nEllas nunca sabr√°n como es una mujer que se dedic√≥ a la politica, o fue directora de multinacional, o un mando del ej√©rcito, o cualquier cargo privado,  SOLAMENTE CON DU ESFUERZO Y VALIA, POR HABER ESTUDIADO Y HABERSE FIRJADO SU FUTURO.   SOLAS, SIN EL EMPUJ√ìN DE UN HOMBRE .\nEllas nunca lo sabr√°n porque solo han sido activistas']",UCFZZyNWSSxmxIfBxF0q_uDw,0.957386076450348,ideolog√≠a pol√≠tica
2703,"['Pero esperen un segundo, hay algo muy confuso aqui se√±ores, como si la vieja esa no la dejaba tener novios o amigas a su hija, como tuvo a la nieta entonces?']",UCMTrFUqL4SkoIf2Xnyq21UQ,0.9564833641052246,ideolog√≠a pol√≠tica
2436,"['As√≠ tengo una compa√±era de trabajo, tan miserable y taca√±a, se viste de ropa regalada, compra fruta y verduras para dividirlas en dos semanas y cocinar con un presupuesto de 200 pesos mexicanos para toda la semana. No come pl√°tanos para no tirar la c√°scara, dice ser vegetariana, pero es para no comprar carne ya que le resulta cara, pero si le ofrecemos un taco de carnitas sin pedos se lo come. Las colaciones que nos dan en el hospital si no las comemos se las lleva y eso es su desayuno, comida y cena, obviamente le rinden m√°s sus 200 pesos y sus vegetables que compra']",UChlwm0A1MwsQv0tu_ifyfSQ,0.9556779861450196,ideolog√≠a pol√≠tica
3875,"['No mames ahorita si muy mexicanos todos y criticando a los morros pero que tal con la Gloria Trevi, que hasta su contenido de peliculas le consumen, esa pa que vean hizo cosas mas gachas a LAS mexicanas']",UCHCl2vyzT1HCumqYzglOZqg,0.9554283022880554,ideolog√≠a pol√≠tica
2172,['Cagonas'],UC2bpESnyyZDLeKqFuIskKaA,0.9548612833023072,racismo
1637,['haber haber....\nosea toda pobre... indocumentada \npero tiene  un celular... de calidad fotogr√°fica para grabar y no pagar el alquiler'],UCrjFaUsGDmVss_OpeZejhqw,0.9543312788009644,racismo
1006,"['Como se denuncia ? Yo sufr√≠ humillaciones seg√∫n porque era fea para √©l y no apta para vivir con el,  me intimidaba si le dec√≠a algo a mis pap√°s de su agresi√≥n contra  mi, igual me exclu√≠a de sus planes cuando sal√≠a con mi hija, otra cosa es que me ofend√≠a de ‚Äúgolfa asquerosa ‚Äú, igual como olvidar que me hac√≠a sentir insegura con decirme o mormura con su madre que era una mugrosa y hasta me hac√≠a sentir miedo de vas a ver como te va ir. En fin a ese hombre por eso igual lo separe de mi hija, un tal Josue Camarillo V√°squez‚Ä¶solo aguas con esas personas que no te agraden f√≠sicamente pero si lo hacen psicol√≥gicamente ‚Ä¶deber√≠a denunciarse eso porque la mayor√≠a de hombres introducen esa violencia por fuerza y a√∫n existe el machismo.']",UCzzHx2PPtwET2qUYSs-nXpA,0.9537586569786072,machismo
286,['Los gringos son un cancer cuando vienen a hablar con su ingl√©s rancio'],UC3F3K1P0d_EHhVF6JV8TP1Q,0.9533355236053468,racismo
248,['Suelen ser mujeres mentirosas y manipuladoras.'],UCD0CTV8RO1YSgPcSiK2CUYw,0.95298171043396,racismo
871,['Aqui el problema son los arabes pero como los palestinos son musulmanes x eso le hechan la culpa a Israel'],UCnFR6iZaPQSQ3GOzLDIwtTQ,0.9529683589935304,racismo
748,['¬øY cu√°ntas mujeres han sido violadas y asesinas por vuestros queridos inmigrantes ilegales?'],UCU-iigDIysfX3xRoNOv_5VA,0.9529076218605042,racismo
2980,"['Es gracioso que ellos en sus propagandas hicieran ver a los negros como nefastos animales violadores y sanguinarios cuando ellos hasta hoy han sido en la historia el regimen que ha matad0 mas gente y que en las pruebas hechas de la guerra se pudo obtener que 1 de casa 3 mujeres exiliadas de su pais (despues de la guerra alemana) fueron violadas por sus mismos rescatistas (aclaro personas blancas) sumandole a esto las muertes de millones de personas que vivian felizmente como los judios o personas con discapacidades, es ironico realmente...']",UCMB7wqA77eu3q7MNA4lDjqw,0.9528626203536988,racismo
3900,"['Todos se sienten orgullosos y presuemn lo muy mexicanos que son, pero el mismo mexico y su misma gente se ha echado la soga al cuello, solo son fansticos macionalistas que cuando hay verdaderos problemas no cooperan como en este caso 7 de 19 estados y discutiendo por sus diferencias porliticas de mierda']",UCPIDJhUxr76CESD53STXGnw,0.951845109462738,ideolog√≠a pol√≠tica
2269,"['En Alemania, no son solo las chicas j√≥venes las que van a por los moros, e incluso se unen al islam. Basta con salir con un par de hombres alemanes, o tener una conversaci√≥n con ellos sobre qu√© es una relaci√≥n y cu√°l es su rol como hombre en ella, para entender por qu√© las mujeres poco a poco se sienten cada vez menos atra√≠das por ellos. El hombre occidental est√° perdiendo sus huevos, ni m√°s ni menos. Lo triste es que somos las mujeres las que les exigimos que se ‚Äúdeconstruyan‚Äù, solo para luego darnos cuenta de que no nos atraen los hombres modernos, sino que seguimos estando intensamente atra√≠das por el hombre masculino tradicional (que no ultramachista, pero tradicional s√≠).\n\nEn mi caso, di con uno de los pocos alemanes que pueden plantarle cara a cualquier √°rabe, un tipo seguro de s√≠ mismo, orgulloso de sus ra√≠ces (aunque no de su gente actual), con una mentalidad de proteger y proveer, fuerte y a√∫n as√≠ con un lado emocional resplandeciente (que solo es accesible para m√≠, eso s√≠). Obviamente, es de derechas, y creo se le nota. Aunque veo la apat√≠a de las alemanas para el hombre com√∫n alem√°n (muy de izquierdas, con el look que eso conlleva), con mi pareja eso no pasa. Muchas veces le entablan conversaci√≥n, casi siempre usando sus muchos tatuajes para ello. Me sorprende que un tipo como √©l, que tiene mucha pinta de derechas, tenga tanta atenci√≥n femenina en una ciudad ultra izquierdista. Y que, por el contrario, todos los dem√°s hombres alemanes se quejen de que las minas no les dan bola.\n\nMuy curioso, ver todo esto ante mis ojos. Yo me consideraba feminista hasta el a√±o pasado, cuando por fin me di cuenta de lo enga√±ada que estaba. Cuando me atrev√≠ a buscar al tipo de hombre que siempre so√±√©, lo encontr√©. Acab√© con alguien muy de derechas, y es la primera relaci√≥n en mi vida que me hace realmente feliz, en la que puedo relajarme y ser yo la mujer, adem√° de compartir mi vida con alguien que tiene mucho sentido com√∫n. Entend√≠ todo lo que iba mal en mis relaciones anteriores.']",UCxCnhIKRqEIUt8NQjx-ULcg,0.951322615146637,machismo
3259,['Desde su comienso los sionistas los judios tenian planeado matar a todos los palestinos'],UCeXyiuVzm8HG9vLcIuD4Ofg,0.951249063014984,racismo
3258,"['En el absurdo paralelo, los enanos b√°lticos con berrinche dejan de asistir a reuni√≥n porque Rusia asiste..., nadie durmi√≥, nada se pudo conversar sin los importantes chiguaguas. En la vida real, Rusia continua  avanzando sin invadir ni bombardear civiles, sin matar m√©dicos ni periodistas, sin asesinar ni√±os, ni desconectar incubadoras de reci√©n nacidos']",UC66I3oFxxkLqFgVnh2EiBMQ,0.9510790705680848,ideolog√≠a pol√≠tica
1115,['Que una amargada chiflada consiga ir a un colegio para hacer eso a unos pobres ni√±os.........\n\nEsto s√≥lo pasa aqu√≠'],UCTpvpupT8b3FQJAm6XapQsA,0.9510514140129088,ideolog√≠a pol√≠tica
2460,"['Decile a esta mujer que argentina es 6 o 7 veces m√°s grande que espa√±a y con menos poblaci√≥n . Que en BS As tiene un poco menos de rutas que espa√±a . L√≥gico no es lo mismo hacer 500 km de rutas que 2500 y todas sus derivaci√≥n. En el sur no podes hacer una estaci√≥n cada 100k por 50 autos que pasan por d√≠a . Es la parte menos poblada . Quiere que hagamos 3000km de rutas iluminadas ni los yankee tiene esas rutas que no hable boludeces . Es como criticar a los yankees que pero en el desierto no tenes luces , no hay buena se√±al y no tenes cada 50 km una estaci√≥n de servicio y sin mano y contramano. Y muy mal no tener guarda en los costados de la ruta. En fin']",UC5xgGlXLres0t4P4JdOJvuQ,0.9510300159454346,ideolog√≠a pol√≠tica
4,['Me da as o esta mujer que hirror'],UC9yYR8_Di37L_H-gI6Y6-_Q,0.9510021209716796,machismo
874,['Lo que me queda claro es que a los jud√≠os no los quiere nadie... por algo ser√°... y son los palestinos quienes se los tienen que comer con patatas... y los brit√°nicos como siempre detr√°s de todos los despropositos...'],UCbunLvutIVMw1NWG9IpSrHQ,0.950272023677826,racismo
975,['Esta no sabe de lo ke habla'],UCOet6DPcZwJiqSFdrM1Cjpg,0.9497074484825134,ideolog√≠a pol√≠tica
3949,"['Las ‚Äúfeminazis‚Äù le han destrozado la carrera y la credibilidad a esta pobre mujer, la cabeza no le da para m√°s y por dejarse llevar por estas ‚Äúenfermas‚Äù la ha cagado y bien adem√°s']",UC2n0GoDbungjbslB61fWvwA,0.9492151141166688,ideolog√≠a pol√≠tica
565,['.deberian aprender de las rusas no quieren parecer iguales'],UCcbOrawYyMCUh2B_hNIkw9Q,0.9488570690155028,ideolog√≠a pol√≠tica
2555,['Que chigona versi√≥n'],UCuptKU7hDQUUgI4uSLoss6g,0.9467793703079224,ideolog√≠a pol√≠tica
2113,['Pat√©ticas lloronas. La mujer en Espa√±a en 2019 es el ser m√°s privilegiado en la historia de la Humanidad.'],UCt6rIjUvbxdNhwBCGT5ccug,0.9443645477294922,ideolog√≠a pol√≠tica
7,['Espa√±oles y despues se qson muy occidentales'],UCCJ7-q-pN4bHboim1ehSVQA,0.944174826145172,racismo
2133,"[""Sin embargo cuando Per√∫ vivi√≥ aquella crisis en los 80's, los venezolanos ped√≠an visa y muchas trabas para emigrar a Venezuela... Seg√∫n tengo entendido. Y ahora los Chamos entran cuando quieren al Per√∫!! Y hay por montones, algunos hasta se creen la divina pomada. No me agrada mucho esa gente la verdad.""]",UCMr14e6d7g8segiF4hbJzPQ,0.9426537752151488,racismo
869,['mira que listos estos arabes ellos invadieron el territorio palestino y se arman una organizacion para la liberacion de Palestina no pues que listos'],UCnFR6iZaPQSQ3GOzLDIwtTQ,0.9417767524719238,racismo
3715,['No habies lncoherencias muchacha. No quieras defender lo indefendible.'],UCT8V-VFUZ8l8JV_5W6bfQvQ,0.9413796067237854,ideolog√≠a pol√≠tica
2667,['Las mujeres no pueden ser mas exageradas.'],UCvr48B8oVwwhE-AB25pDbag,0.9406414031982422,racismo
245,"['Ja sabemos como son las mujeres de hoy son muy EXAGERADAS,  a un beso de pico le llamaron AGRESI√ìN, as√≠ de sensibles y exageradas. Esta dama seguro no le hicieron nada y arm√≥ un escandaloso para visibilizarse.  Eso si ellas si pueden cachetearmos o empujarnos etc.']",UCmNuwIia-8xOUpBVbOwd1WQ,0.940370798110962,machismo
2370,['El mundo en esos tiempos no entend√≠a que fue gracias a la uni√≥n sovi√©tica que los nazis no pudieron conquistar el mundo pero todo el mundo sab√≠a que el occidente y el euroasi√°tico ten√≠an conflictos antes y ellos dec√≠an bueno se est√°n metiendo enemigos a que exterminarlos yo me jodo a los alemanes y t√∫ te jodes a los japoneses y seguimos confrontando nos como dos superpotencias capitalismo y comunismo'],UCFt9y8sOU72r4VwDq5tSjXw,0.9377430081367492,racismo
383,['¬øPor que todes les feminazis son gordas incoggibles?'],UC9Ht8cI9ImpVNuqzTU4fKZA,0.937634289264679,machismo
1974,"['Nuestros antepasados Europeos fueron criminales en la √©poca de la conquista por que le cambiaron la dieta a los Ind√≠genas. Los Espa√±oles masacraban a los Ind√≠genas, amputandoles las manos o asesinandolos si los ve√≠an sembrando Amaranto. Los ind√≠genas no ten√≠an en su mesa arroz blanco, trigo ,ma√≠z (h√≠bridos) ,l√°cteos la dieta Europea o dieta √°cida fue algo que se introdujo a la fuerza.']",UCk19tikkiT3iHum16suS--Q,0.937616765499115,racismo
65,['Europa est√° perdida. Suerte cuando los musulmanes sean la mayor√≠a.'],UC3Elj-_rObNHCmVULtbNsww,0.936311423778534,racismo
455,"['Karol g es horrible, ya tiene cuerpo de viejita, tiene los hombros y los brazos todos regordetos.']",UCFmrHC3sXFCOeBLFl1Wu-TQ,0.9355134963989258,machismo
1540,['estan todas locas!!!'],UCUcBel4QAVpN7N4LQ6quZkg,0.9348998069763184,ideolog√≠a pol√≠tica
1117,['Por qu√© las feministas siempre son feas o gordas?'],UCyxyRxnO9P_z5KQi9UhZaxQ,0.93441241979599,machismo
2458,"['LOS COMUNISTAS, CORTARON EL VIDEO, PARA PONER SOLO LA CRITICA DE LA TURISTA ESPA√ëOLA.  PARA QUE NO SE VEA QUE EN REALIDAD CRITICA EL PERONISMO COMUNISTA.. NO A ARGENTINA\nLa CHICA es la √öNICA QUE DEFIENDE ARGENTINA DEL COMUNISMO!!!! \nNO HA MENTIDO EN NADA\n\nEN A√ëOS AUN NO HE VISTO A UN SOLO ARGENTINO CRITICAR EL COMUNISMO!! POR ESO EST√Å ASI EL PAIS...']",UCTqj6i39ILCFUpnIUO0qqKg,0.9336695075035096,ideolog√≠a pol√≠tica
954,['Un pa√≠s que hace mas de 60a√±os que esta bloqueado por un poderoso demasiado bien la llevan saca el bloqueo y veras. Mas si eres una Isla es una infamia ! Como las guerras que son todas manejadas por  intereses econ√≥micos y mueren inocentes!'],UCgiKu38KHVnMAJ6bbMS3o0g,0.9331324696540833,ideolog√≠a pol√≠tica
3318,"['ah bueno, pero la grda esta habla de economia y politica? pero si no pago la compra del mercadona en SU VIDA']",UCjerbuIsTSrBB_5ag81f0Fw,0.93251234292984,ideolog√≠a pol√≠tica
1216,['Los ucranianos acabar√°n con los invasores Rusos y Putin'],UCKnOxPEjnLnf6UcBPPzVxSw,0.9319092631340028,ideolog√≠a pol√≠tica
1675,['Yendo para atras hermanos chilenos. La salud publica es una mentira. Los zanganos ganaron en chile'],UChTq7Vl4zBbBVwno0blaYgQ,0.9309240579605104,racismo
3041,['Es muy mala'],UCjkJkFCCscLKckpvq_sZIPA,0.930448055267334,machismo
1284,"['Cuidado... Diga la verdad!!! . No confunda.. .  Cuba nunca tuvo Bandera Americana. Fuimos libres gracias al comercio libre con EU.. Europa... Latino America. Muy feo la  frase ..  parte COMUNISTA suya...Que Cuba  era colonia de USA. . Que Cuba fue  colonia  Americana... ??????? üò¢. Esa es la cantaleleta Marxista que hundio a Cuba en oceano Ruso de sangre Cubana INOCENTE ... El Marxismo IMPUESTO  Dominio  .. hubo  Fusilamientos de inicentes..  Saqueos nacional de propiedades y negocios legales. (Trabajo para miles de familias ..)  HOY... Cuba Convertida Colonia estrategica Rusa... Kremlin. Poblacion  con asfixa de represion... no libertad .. hambre.. y brutalidad sin Dios y su palabras. Pais mas HAMBRIENTO y  pobre  del mundo. Colonia Rusa base  militar oara conquistar  variios  paiases  YA propiedad  Rusa  con gobiernos titeres... . y  destruidos en Latino AMERICA. El  Bloqueo es  Ruso.  No Americano. El gobierno Marxista de  Cuba comercia  con el resto del MUNDO. . Solo  Inventaron el peso cubano pra pagarles a esclavos cubanos.   Para un corral de humanos sin acceso a comercio... Dinero real...  comida...medicina..  transporte... LIBERTAD.... üò¢ que es  lo natural para existir  en el Planeta... LOS REPTILES  TIRANOS DE   CUBA MERECEN  HOY.... CONSECUENCIAS JUDICIALES!!!    Castigo Mundial  Por GENOCIDIO de un pais libre que nunca ataco  a nadie  y por 63 Anos fue  pulverizado.. Y AHORA QUE??? üò¢ Pues increible . Horrendo.  lo continuan  vendiendo..   disfrazado..... Paquete muy lindo.. üéâ.. LES üòÆ TOCAN EN LA PUERTA MANANA PARA  VENDERLO .. üòÇ Y ...  DEVORARLOS.... El Nombre del producto  se llamara . """"Llego lo Justicia Social"""" Y realmente...  En el paquete .. Comienzo De Muerte de Una Nacion"""" y asi..  lo siguen vendiendo los  Reptiles con apariencia HUMANA. Pero  EN DIOS  CONFIAMOS . AMEN.']",UCJp55QUXJviymYdQL6zpWvg,0.9299291372299194,ideolog√≠a pol√≠tica
3893,"['Esa guerra se resume en lo que dijo el general Anaya: -si hubiera parque, usted no estar√≠a aqu√≠. M√©xico como naci√≥n a√∫n estaba en pa√±ales y los gringos se aprovecharon de eso. Reci√©n terminada la guerra de independencia, desorganizaci√≥n y problemas internos y a pesar de eso se puso much√≠sima resistencia y por falta de recursos no se pod√≠a m√°s. Tan facil, a M√©xico se le acababan las municiones en batallas']",UCBdTbyL1sG_0j8sxgHxWY9A,0.9299106597900392,ideolog√≠a pol√≠tica
3306,['Rusia ya gano los gringos solo ponen propaganda diciendo que aun no los han derrotado pero ya perdieron los que estan luchando son los gringos pero no lo consiguen'],UC4U_35G0zRiwzQGNNTvwk8Q,0.9296888709068298,ideolog√≠a pol√≠tica
3303,"['Totalmente falso, el mayor comprador de petr√≥leo ruso es USA y se lo revende a Europa. Lo que mas compra la India es el acero ruso y lo revende..\nEl mayor ganador es USA  por las ganancias de la guerra y China que est√° recibiendo sin ensuciarse las manos todos los datos de las armas de la OTAN']",UC0TMhOSYZUa1B_VvI3MBOcw,0.9289161562919616,ideolog√≠a pol√≠tica
1621,"['Es ahora o nunca. Tienen que derrocar ese gobierno socialista de Sanchez. A la fuerza, porque con los socialistas y comunistas no hay de otra manera, ellos operan con t√°cticas mafiosas. Soy cubano exiliado en USA por culpa del comunismo. Un consejo dese el futuro, con hablar no se hace nada cuando el socialismo toma el poder. Cuba, Venezuela, Colombia, Mexico, Peru, Bolivia, Brazil, Argentina (hay esperanzas con Milei, pero no creo que los socialistas suelten f√°cil, ya tienen all√≠ ‚Äúcolaboradores‚Äù cubanos y venezolanos y la droga de colombia) Chile, Mexico, Canada y la m√°s de la mitad de Estados Unidos, est√°n ya perdidos con la enfermedad del socialismo con camino al comunismo. Espa√±a est√° a punto de ser devorada por el comunismo m√°s radical. Rusia y China han hecho lo que durante la guerra fr√≠a no se pudieron conseguir: la desestabilizaci√≥n de la democracia occidental. Por otro lado los pa√≠ses musulmanes y √°rabes han jugado un papel no menos importante en esa proceso destructivo. Dios se apiade de todos nosotros.']",UC_ZSqPA8TJYRc4_9nFDpH1A,0.9285609126091005,ideolog√≠a pol√≠tica
678,['No pueden vs peluca despues cuando levant√© Argentina venga a M√©xico a barrer a los zurdos que no producen'],UCCLbGZl9pUXnPhkZrjqHSYw,0.9281471371650696,ideolog√≠a pol√≠tica
3282,"['Tal cual actuaba el gobierno brit√°nico con los colonos  en esos a√±os,  asi ACTUA EL GOBIERNO ACTUAL EN PER√ö REPROMIENDO A LA FUERZA Y VPNOTROLANDOLO TODO CON CONGRESO FACISTA.']",UCoj1Wfi4kIj6KwNSheq3poQ,0.9270266890525818,ideolog√≠a pol√≠tica
1936,"['As√≠ es, mi profesora es una floja que no realiz√≥ la clase y nos envi√≥ un link para ver este video en nuestros celulares, mientras ella est√° ah√≠ sentada con su celular V:']",UCVQVH_AIjW5vokwGhj6HInA,0.926708996295929,machismo
2283,"['Ver√©is lo que tarda esta ,en poner otra pijada de ley , igual o peor , que las que hizo , la que se fue (  est√° bien all√°  )']",UCyVsOdNtiw9tzNS12o5fdYA,0.9258955121040344,ideolog√≠a pol√≠tica
3912,"['Parece que fue escrita por su peor enemigo, la actuaci√≥n de Ana salva a √©ste desastre de pel√≠cula, la retratan como la cl√°sica rubia tonta, es cierto que vivi√≥ muchas dificultades y situaciones adversas, pero en √©ste filme no la dejan brillar ni por error, m√°s bien parece la venganza de alguien que vivi√≥ odiando a la pobre Marylin, una v√≠ctima m√°s de √©sa secta llamada Hollywood']",UCXTfzv9Y7Gu4Q5h9cctQDAw,0.9254602789878844,ideolog√≠a pol√≠tica
1489,"['""mas autoritaria que la Iglesia Catolica"" jajajajajaajaj']",UCVxWqUlISaddmu5ZULuH-jw,0.9252956509590148,ideolog√≠a pol√≠tica
1840,"['Con todas las puebas nucleares marinas y terrestres mas los desechos quimicos y radioctivos que los pa√≠ses due√±os del globo han hecho y depositado en tierra y mar. Nosotros  mismo humanos ,  todo ese pescado venenoso y demas productos, deberiamos ser sujeto de estudio a ver donde nos ha afectado biologicamente.']",UCMWI6FjTGldcSNXdG6ZIq1A,0.925140917301178,ideolog√≠a pol√≠tica
574,['Todas estas qu√≠mica lo q tiene q aser es se√±alas todas'],UCDmJkKy4ys0VgbHBGMIjBWw,0.9242597222328186,ideolog√≠a pol√≠tica
3261,['MIENTRAS QUE NO RESPETEN LOS PALESTINOS NO VIVIRAN LOS JUDIOS EN PAZ'],UCCrOgR1DnaK2rmH2_UZ72sw,0.9236193299293518,racismo
2533,['Alemanes mentirosos Gran Breta√±a esta bien lo dice Milei de Argentina.DW es comunista porque no reconstriyen el muro de Berlin.'],UCFrQmVW9SBVwIBI4iOxclEg,0.923147201538086,ideolog√≠a pol√≠tica
3661,"['No tiene Chance, Violenta y Radical.']",UCZaI9s2oSAqsXjd4mlaBEuQ,0.9229331612586976,ideolog√≠a pol√≠tica
2988,['Que orible esta interpretacion  con esta mujer como deatrozan la cancion a la carcel deberian mandarlos.'],UCS0EQA5RiqjYJJvezvHVvaQ,0.9211260080337524,ideolog√≠a pol√≠tica
1121,['Basura adoctrinadora y embustera.'],UCocQ1zOjjMd15B4l3NjXuhw,0.9205806255340576,ideolog√≠a pol√≠tica
1681,['Hablas como COTORRA  .mejor inf√≥rmate y que fue rechazada por ser un a aberraci√≥n y üëéüëéüëéüëéüëéüëéüôàüôàüôàüôà'],UCeXcoPIEB69yYn1k1S8fMxg,0.9198205471038818,machismo
2457,['wow esperemos no venga a mexico porque aca estamos peor  carreteras en mexico?? madre mia   sin luz? ohh my god  gasolineras apartadas de la civilizacion   imnumerables    LAURA NO VENGAS A MEXICO QEU CON ESA BOQUITA  NOS  VAS A ANUHIQUILAR JAJAJ JAJA'],UCBBXPVYjnUNWp41tVfW6rsA,0.9196568727493286,ideolog√≠a pol√≠tica
1246,"['China esta bien preocupada porque sin ni√±os no tendran en un futuro esclavos, digo trabajadores a los cuales les paguen lo minimo qpenas para sobrevivir y los hagan dormir en las fabricas para poder seguir siendo potencia mundial']",UCzy-iDQ5-3MTuPReLmFO-eg,0.9186713099479676,ideolog√≠a pol√≠tica
80,"['Con el tema de la inmigraci√≥n descontrolada sin dudas habr√° una tendencia a qu√© en Europa en un futuro sean los a√±os que sean los musulmanes ser√°n  mayoritarios en la sociedad entonces ya veremos estos temas de la mujer,los trans y no se que ARDER.']",UC0fpYHC8b7oz5J3KHPI2F5Q,0.9183093309402466,racismo
2496,"['Y el grito era: ""A MATAR INFIELES"".\nNo ha cambiado nada el islam, siguen asesinando ""en nombre de dios""...igualito que los curas. ¬øSon parientes?\nPa que hablar de los jud√≠os, los primeros en perseguir y asesinar a los crist8anos asociados con roma. Lo que pasa es que son buenos pa hacerse los weones.']",UCxDNnKViOV5_Y5elgTKZC5g,0.9178099036216736,racismo
2427,"['Est√° loca üòÇesa es mi opini√≥n, pobre, no le alcanzar√° la tierra cuando muera üò¢']",UC1xYecRy4RDV9ZRxN8DtCfw,0.9173386693000792,ideolog√≠a pol√≠tica
2688,['50 0 60 F16 no significara ningun cambio aqui todos se olvidan los S400 y S300 rusos que no son moco de pavo y 50 f16 no saturaran el espacio aereo para que los misiles s400 hagan su trabajo'],UCP0JeBEG5NTtcMreSOon87w,0.9154552221298218,ideolog√≠a pol√≠tica
1521,"['En los realities de competencia si hay 2 conductores un hombre y una mujer, obvio que gana el equipo conducido por una mujer  y con n√≥rdicos fortach√≥nes q se creen √°rbitros de futbol']",UC4wouUxcJ4UL7LpbHgJ0kEA,0.9147900938987732,machismo
3290,['Miente como todas las mujeres.'],UCs5B6ZWdBwGTROHZL1s7joA,0.9146690964698792,machismo
1017,"['Qu√© teatrera es esta chica y si fueras chico,te llamar√≠a teatrero e incluso teatrere si no sdabes a qu√© g√©nero perteneces,aunque en tu caso est√° claro que sabes muy bien a qu√© g√©nero perteneces,porque as√≠ sois las mujeres,teatreras y liantas.']",UCLz8zkwSpJg_M5ZD-ZNlqag,0.9144752621650696,machismo
1212,"['El grupo mercenario Wagner avanza hacia Moscu???   estan ya a 400km?  \nSer mercenario significa ejercito pago , si estan avanzando sobre Moscu, quien es entonces el que paga?  No es Rusia evidentemente.']",UCEkWEifZIhM7CPFTOTa7p6A,0.9141610860824584,ideolog√≠a pol√≠tica
3116,['Las espa√±olas nacen llorando y mueren llorando'],UC11APG7j6jo7gxKGe_X4c9g,0.9132503271102904,machismo
2957,"['Est√°n hablando tonterias eso y√° pas√≥ de moda porque Rusia tiene armamentos superiores y todo lo que hace Ee Uu. Son las malas ideas de los paisea invasores ,ambiciosos o saqueadores y Rusia ganar√° porque no lo vas a poder juzgar']",UCBWrxfSP9OF8qLF-C6SXeIw,0.9119392037391664,ideolog√≠a pol√≠tica
1916,"['A PARTIR DE ESA GUERRA ,LOS GRINGOS PASARON A LA GUERRA CLANDESTINA, LATAM EUROPA, MEDIOORIENTE ASIA, JUNTO A LA URSS USABAN PAISES TITERES PARA ENFRENTARSE.']",UCUt-rpuux6h2X3iwp__6IAw,0.9117610454559326,ideolog√≠a pol√≠tica
2777,['Es mal√≠sima'],UCMPS9sspS_-4MCBCw-ij6xQ,0.9112957119941713,ideolog√≠a pol√≠tica
933,"['Tan brutas son, que no esperan ; le pregunten...']",UCgeO2afOKJ16X681_dI3bfQ,0.910287618637085,machismo
3892,"['Esa Guerra fue una Injusticia,M√©xico no se merecia perder territorio y Estados Unidos se paso con M√©xico ya que casi anexan a M√©xico y me parece muy feo por parte de Los Estadounidenses que encima inspiraron a Los M√©xicanos a independizarse,pero luego hacen que M√©xico pierda gran parte de su territorio,\nEn serio a mi me parece una Injusticia y una humillaci√≥n y lo peor es que esos territorios que EEUU le robo a M√©xico lo enriquecieron gracias a los recursos encontrados en dichos territorios volviendolo potencia,M√©xico se merecia ser potencia. \nNo soy de M√©xico pero me molesta que Estados Unidos siendo un ejemplo a seguir para la independencia de M√©xico y otros ex-territorios espa√±oles se aproveche de uno de esos pa√≠ses independientes y le quite territorio a tal punto de anexarlo,adem√°s que Estados Unidos no solo se metio con M√©xico tambi√©n hizo cosas similares.\nPd:Un Saludo a Todos Los M√©xicanos']",UCBaHtdRfLkDApiVBcUyoOOg,0.9100173115730286,ideolog√≠a pol√≠tica
312,"['Un amigo mio europeo me preguntaba hace unos d√≠as porque mueren muchas mujeres en Espa√±a. Tuve que explicarle que la mayor parte de los cr√≠menes son cometidos por los emigrantes. Pero ¬øporque los noticiarios no especifican quien lo hizo?¬øestan criminalizandonos a los espa√±oles a prop√≥sito? Si ya tenemos leyenda negra en el mundo ,no hay duda que nuestros medios de comunicaci√≥n la est√°n incrementando y mucho!üò¨üò¨']",UChz4lwnPMUd1Dc7UHro28YQ,0.9099414944648744,ideolog√≠a pol√≠tica
1990,['Mentira M√©xico fue el h√©roe de hay por que los soldados de usa ten√≠an miedo y lo mexicanos no por que mienten el usa'],UC3e36YecNRMAEY-P5eMjAOg,0.9096450805664062,ideolog√≠a pol√≠tica
2443,['mike bahia no le da a esa mujer jajajaj que suerte'],UCM5aKc0PI7FPdkHa-y05iiQ,0.906873106956482,machismo
2220,"['Silenciadas? Pero si NO SE CALLAN jajaja est√°n todo el d√≠a hablando como gallinas, silenciadas‚Ä¶ vayan a Afganist√°n']",UCSqgrhNtGLzZqOu7jzU0NnQ,0.9067538976669312,ideolog√≠a pol√≠tica
3751,"['Este movimiento est√° formado por envidiosas resentidas, vagas... No sigo. Por eso esas leyes est√∫pidas. A mi no me representan y lo digo abiertamente']",UC__eQusv7EsjS-ovQhRpWaw,0.9059621691703796,ideolog√≠a pol√≠tica
1915,"['Pocos lo saben pero el presidente Johnson busco el apoyo de Espa√±a en la guerra (al final Espa√±a envi√≥ algunos m√©dicos, enfermeros y suministros m√©dicos), a lo que Franco le aconsejo al presidente americano no seguir con la misma, porque seguramente la perder√≠an, pues no era solamente una guerra de capitalistas contra comunistas en el contexto de la guerra fr√≠a, sino que era una guerra de ""independencia"", de emancipaci√≥n de poderes y oligarqu√≠as extranjeras, en una lugar lejano de los EEUU y lleno de selvas. La Historia le dio la raz√≥n, pues los EEUU usaran pr√°cticamente toda su tecnolog√≠a (quitando las bombas nucleares y poco m√°s) y dej√°ndose la vida m√°s de +50k soldados y teniendo que salir por patas.']",UC3JWv9BnZPgWUB3Rpw5Mbmw,0.9045473337173462,ideolog√≠a pol√≠tica
2998,['Esos sodomitas son una\nAmenaza para la Familia'],UCtoVInZ2k7Q0kpN_OEXgA-w,0.9037857055664062,racismo
3463,"['Hay muchos que no podr√°n reinsertarse en la sociedad, otros que si, pero empecemos de la ni√±ez... Hay que tener carceles de reos individuales, los m√°s peligrosos sin salida ni patio. Dos comidas al d√≠a, no querr√°n entrar dos veces. Reincidente, pena m√°xima. Trabajo en conjunto con las escuelas p√∫blicas, eso se sabe a nivel gobierno. Todo se hace con una doble intensi√≥n, si saben la soluci√≥n pero no invierten, la plata se va a otro lado... Todos saben y se hacen los wnes. OPERACI√ìN BUKELE!']",UCZo8DPRwzF4uwhM4JbK0YvQ,0.903724730014801,ideolog√≠a pol√≠tica
2064,['asi son  los feos'],UCRUVfmbJYjavAgK8MorkV_g,0.9025248885154724,machismo
2127,"['DEFINITIVAMENTE ES DE MUY MAL GUSTO QUE NUESTROS HERMANOS VENEZOLANOS TENGAN QUE IMIGRAR A HOTROS PAISES TENIENDO TANTOS RECURSOS NATURALES  Y TAMBIEN VIENDO SIDO UNO DE LOS PAISES MAS PROSPEROS DE TODO SURAMERICA QUE PENA QUE ESTO ESTE PASANDO Y LOS CHAVISTAS SE HAGAN DE LA VISTA GORDA MIENTRAS EL PAIS SE HUNDE , VERGUENZA DEVERIA TENER MADURO JUNTO CON CHAVEZ QUE SON LOS INTELECTUALES DE TOPDA ESTA DESTRUCCION DEL PAIS , MADURO DEVERIA ESCONDERSE BAJO UNA PIEDRA Y SALIR A ESCONDERSE FUERA DEL PAIS !!!!!!!!']",UC7UsBF7FzO-s50Jh7Q0ryBg,0.9015289545059204,ideolog√≠a pol√≠tica
2111,"['El gran problema de Espa√±a fue y es , el cierre de los manicomios ...Que es el lugar de todas estas chuminas oprimidasüòò']",UC_Gs1MPfB26kycrV0woNHag,0.9012466073036194,ideolog√≠a pol√≠tica
3595,"['Esta tia tia no cambia, siempre buscando maldad, malos tratos y todo lo qud eya se cree\nAdemas no entiendo que gente asi, que son de todo menos periodidtas, esten en tlv, para, ya busca otra clase de noticias, o habla de ti quete pasa con tus parejas, que cambias tanto??\nQue segun tu eres infiel a alguna de eyas??\nTu infiel?? ü§£ü§£\nOlos infieles son tus parejas??\nVas ha pedir person ala audiencia de todos,, todos los canales que te has paseado llamandoba AD MALTRATADOR?? Y PONIENDO EN SU SITIO ATU AMIGA ALIAS LA MALA MADRE??\nVENGA SIGUE EN TU SITIO, QUE ERES MUY DESAGRADABLE DE OIR Y MAS DE VER\nPEPA PIG üêΩüêΩ\nGRACIAS MAIKA POR TUS DIRECTOS']",UCGq7HZoCZCkC8k3unBXPCaA,0.8996816277503967,ideolog√≠a pol√≠tica
3566,"['O un cambio de sistemas humanos o saldremos a las calles hasta barrer  a los ESPA√ëOLESYANKES SOBORNADOS, ESPA√ëA APESTA A SOBORNOS Y ASESINOS DE LA AGENDA']",UCjdiPqrP4eeqIKR6T2aBsGQ,0.89839768409729,ideolog√≠a pol√≠tica
2289,"['La Izquierda espa√±ola est√° liderada por un macho alfa, la Derecha por una mujer.']",UCCfqoOnYsoHJWjLSjNmm7CA,0.8982524275779724,machismo
1059,"['Las ultrafeministas,solitas se excluyen.¬°Que pena! Que no se den cuenta de lo mucho que se excluyen en solo cinco minutos de converzacion.']",UCB6QmFGLj7SMZCK8OwnYTKg,0.8976566791534424,ideolog√≠a pol√≠tica
651,['Ser pobre y humilde es bonito pero no lesbense√±aron el respeto por los mexicanos y el amor por mexico eso les falto no renegar de mexico mis padres son mexicanos tambien pero siempre nos ense√±aron el amor por nuestra gente mexicana y su cultura su comida eso vale mas que todo el dinero del mundo RESPETO POR MEXICO Y LOS MEXICANOS  estos chicos no me representan a mi ellos son RACIATAS CONTRA SU PROLIA GENTE MEXICANA'],UCLEBwyZhZIA3q_dinzmhUYQ,0.8975006341934204,racismo
1691,['Si. Dejan entrar la Rebolucion izquierdista. Ya isieron mil pedazos a Honduras!'],UCcySmPoU1hUVq2s-SJilHFg,0.8973438143730164,ideolog√≠a pol√≠tica
652,['Noooooo aqui en los angueles no los queremos aqui en los agueles somos mexicanos'],UCLEBwyZhZIA3q_dinzmhUYQ,0.8961946964263916,racismo
1258,['SELECCI√ìN ESPA√ëOLA FEMINAZI se PELEAN........üòêü§®ü§îüòè‚ò∫üòÑüòÅ'],UCRChTdb96Z5P0l1D1uGPKXA,0.8952692151069641,machismo
331,"['Una Espa√±a lleva de socialistas ladrones hijos de la gran puta que regalan el dinero de los espa√±oles a 4 putas de mierda, a catanazis, a etarras y a toda la jaur√≠a de moros de mierda que nos meten en manada cada noche mientras dormimos. \n\nMal c√°ncer se coma a todas vuestras putas familias, comunistas de mierda.']",UC293rtGkhsxr0oRM3BEP53A,0.8950356245040894,ideolog√≠a pol√≠tica
270,['Mujeres mas machistas qie los mismos hombres...todos merecemos respeto.'],UCT42AXRXuIRPAMsavf9JFEg,0.8949454426765442,racismo
2096,['Un mexicano en japon: aver aver que me chingo\nUn japones en mexico: y mi cel?????'],UCtMpzsFjfUlPr-YxM3tq-Yw,0.8944649696350098,ideolog√≠a pol√≠tica
2689,['Porque no puede entrar a Gaza prensa internacional sin ser acompa√±ados por el ejercito Israel√≠?\nPorque no permite la prensa internacional en los territorios invadidos en Cisjordania?\nIncluso antes del 7 de octubre.\ntampoco investigaciones independientes.\nCuantos terroristas de Hamas han muerto. son mas que los civiles?'],UCldoDitbZpk2IQK-GkPUiMA,0.893883228302002,racismo
427,['no mames la gente defiende a la tipa y le tiran moerda al man cuando ni la alcanzo a tocar bien'],UCoTs1fU_DxZKILzmZzzMpPA,0.890867292881012,ideolog√≠a pol√≠tica
1844,['Lo de Chern√≥bil fue un accidente... ¬øPor qu√© No van los gringos de national geographic a ver Las consecuencias de Lo que sus compatriotas hicieron en jap√≥n? Y tambi√©n nos muestran su videito al respecto.'],UCL3Tj5bm-6GWs3tRQ8_nO2Q,0.890811026096344,ideolog√≠a pol√≠tica
3260,"['Los terroristas  q masacran m√°s de 8.000 ni√±os ,Lo q quieren es ocupar totalmente Gaza y as√≠ robarse los yacimiento de Gas .']",UCNbRbnu-vWPOaENX41aFL0g,0.8893663883209229,ideolog√≠a pol√≠tica
1738,['Saldremos de esta situaci√≥n; cuando el gobierno sea de derecha y seamos colonia gringa. Durante 23a√±os los gringos tienen sus garras metidas en cosas internas del pa√≠s.'],UCkDQfpweFgd0KxBsR73QfVw,0.8886842727661133,ideolog√≠a pol√≠tica
861,"['Entonces el estado de Israel es consecuencia de la persecucion a los Judios? \nPorque los Isl√°micos perseguian a la comunidad judia?\nPoco se habla del Papel que tuvo reino unido en el inicio del conflicto.\nCreo que ambos estados merecen tener territorios propios, nunca se debi√≥ perseguir a los jud√≠os...']",UCcEacAbdtQzjOIuCTxgfHfg,0.8880127668380737,racismo
1179,"['No mi ni√±a a la mujer biol√≥gica la est√° humillando y desbalorando.\nSabes yo tengo bastante edad para haber visto lo suficiente como para darme cuenta que esto es una trama muy vieja que tienen los gays contra las mujeres. Empezaron en los 90 a vestirlas y muy mal vestidas porque desde entonces la ropa femenina te quita femininidad y te deja al desnudo mientras te oculta lo que te hace femenina. Luego empezaron a normalizar los ambiente nocturnos. Luego llegaron la facilidades para los cambios de sexo y de identidad legales. Y ahora estoy viendo como nos desprestigian y menospreciar a nosotras y tambi√©n a los hombres que no los consideren mujeres completas o verdaderas. Y para seguir oblig√°ndonos a enfrentarnos contra mujeres y hombres adoctrinan  a nuestras hijas para que  piensen as√≠ de sus propios padres hermanos y cualquier hombre que se les hacerque. Es muy triste que aplasten de esa manera a mujer solo por ser mujer biol√≥gica mente.  Porque ellos no aceptan ninguna competencia. C√≥mo se puede ser tan malagradecidos que despu√©s de tenerlos dentro 9 meses como solo cada una de nosotras sabemos y parirlos con los dolores de tu propia alma. Cuidarlos, protegerlos sin vivir tranquila porque el miedo a que les pase algo o les falte algo  te acompa√±a noche y d√≠a toda la vida. \nC√≥mo es posible que nos menosprecie por el simple echo de ser mujeres que decidimos quererlos y ser sus madres para amarlos. No hay otro ser m√°s malagradecido que aquel que desprecia la vida. Y a quien se la dio.\nY juega a ser Dios inventando como suplantar la.']",UCe1XTe-jk9Rx_CCWkhB4yYA,0.8876540660858154,racismo
2163,['P√≥ngase la camiseta y meta huevo papa francisco mande m√°s sacerdotes a argentina lo necesita el pueblo esta m√°s angustiado el pueblo y peor que √Åfrica y Venezuela y con milei peor un jud√≠o sin bondad con los pobres va a exterminar a los carenciados ego√≠sta amante de las cosas materiales les quiere quitar el pan a los necesitados ni√±os que se mueren de hambre hay un 50 % de pobreza venga a poner orden para que argentina sea bien guiada'],UCsPIVITkdEh9kcjyLKENUEg,0.886470377445221,ideolog√≠a pol√≠tica
1677,"['Hay muchos problemas en esta Constituci√≥n propuesta, pero el m√°s importante, peligroso y aberrante es que se somete la Soberan√≠a a los tratados Internacionales y como Chile ha firmado muchos, ya a estas alturas Chile ya casi no nos pertenece. Se apropiar√°n de todos  nuestras riquezas naturales. Esa es la raz√≥n de que el Sec.General de la ONU viene a Chile a visitar la Ant√°rtica. Conclusi√≥n es una Constituci√≥n antipatri√≥tica.\n\nFalsedad difundida que eliminar√°n    el Impto. Territorial y nadie dice que es despu√©s de 6 a√±os \n\n¬øPuede FONASA o el Estado absorber los 18 millones de Chilenos en Salud. La Propuesta aumentar√° la gran distancia del que puede pagar y del pobre. Obviamente el de menos recurso recibir√° una prestaci√≥n inferior']",UCsmMEZgyyLNGGjZBXFQlucw,0.8857592940330505,ideolog√≠a pol√≠tica
1696,"['Todo lo que trae la izquierda, es malo. Mis condolencias al hermano pueblo hondure√±o que no sabe lo que le espera: socialismo, comunismo,  hambre, miseria,etc......\nMiren el ejemplo de mi pa√≠s, Cuba.  Y tambi√©n Venezuela,  Nicaragua,  Bolivia, que no se llevaron por los consejos de los oprimidos cubanos agonizantes desde hace 64 a√±os. Porque la izquierda,  cuando logra agarrar el poder no hay  quien los saque üò¢']",UCoi8DQ8gnj3LMtMDTBTtnkQ,0.8853840231895447,ideolog√≠a pol√≠tica
3140,"[""En este pais se aplauden y justifican,las agresiones y maltratos, exactamente igual que en los paises islamicos\nY para todos los cu√±aos\nSegun la misma polic√≠a el ,98'9% de las denuncias de agresion\nSon verdaderas\nLos islamicos Katolikones""]",UCGpssVKdfrTFjK78RCbpkzA,0.8853837251663208,racismo
1944,['Ches PRIMITIVOS'],UCOZZv-CF0z-MRVDXL_-4Cyg,0.8851131200790405,machismo
2102,"['Pues a mi me da que los chinos, en el√©ctrico, se van a comer un moj√≥n. En t√©rmico es otra cosa. El error es pensar que el√©ctrico puede ser lowcost.']",UCCWzp9QLoV_L38sRxg8Xw4A,0.8824874758720398,racismo
563,['Los mujeres no tienen autoestima. Es la unica verdad. Por eso necesitan que los hombres les hagan cumplidos.'],UC7dVW0RXW36D_F0rmfmK3dQ,0.8819868564605713,racismo
622,"['1a√±o y 8 meses y segu√≠as con el nota , aguita y luego se queja ay cada una tambi√©n que cagate']",UCLkecxGXASF6jZXXvjmmwJg,0.88008713722229,machismo
